Канал;Дата;Тематика;Текст;Посилання
@bucha_city;2026-09-20 14:50;👐 Реабілітація;🌿 У Бучі щотижня проходять безкоштовні заняття «Стійкість у саморозвитку». Навчитися вести сторінку в Instagram, створювати Stories та відео, працювати з презентаціями або зробити перший крок до реалізації власної ідеї – цьому навчають під час занять...;https://t.me/bucha_city/51632
@bucha_city;2026-09-15 16:22;🏗️ Інфраструктура;"🌱Еко-клас у Бучі: хто і як може ним скористатись. Екологічний клас у Бучанській громаді – це безоплатний простір для освітніх, молодіжних та екологічних заходів. Простір можна використовувати для: 🔸занять з екологічної освіти та садівництва; 🔸майстер...";https://t.me/bucha_city/51389
@bucha_city;2026-09-13 13:01;👐 Реабілітація;🏥 У Бучі працює відділення амбулаторної комплексної реабілітації. У Бучанському консультативно-діагностичному центрі можна пройти комплексну реабілітацію після поранень, операцій, інсультів, травм та при захворюваннях опорно-рухового апарату. У відді...;https://t.me/bucha_city/51316
@bucha_city;2026-09-12 06:44;👐 Реабілітація;🔴 Масована атака по Україні: ворог випустив ракети та понад 100 дронів. Є загиблі та десятки поранених, серед них – діти. Зафіксовано влучання у 20 локаціях. Більшість цілей знешкодила ППО, однак є постраждалі. Наслідки по регіонах: 🔸Одещина: 21 пора...;https://t.me/bucha_city/51264
@bucha_city;2026-09-09 08:32;⚽ Спорт | 👐 Реабілітація | 🤝 Загальна безбар'єрність;👁️Безоплатні послуги адаптації для ветеранів і ветеранок, які втратили зір. Міністерство у справах ветеранів України продовжило на 2026 рік реалізацію ініціативи із соціальної та побутової адаптації для Захисників з частковою або повною втратою зору....;https://t.me/bucha_city/51143
@bucha_city;2026-09-08 14:59;👐 Реабілітація;💪 Стійкість у саморозвитку: вчимося створювати відео для соцмереж. Хочете навчитися створювати якісні та цікаві відео для Instagram, TikTok та інших соціальних мереж просто зі смартфона? Бучанський центр життєстійкості запрошує на інформаційну сесію ...;https://t.me/bucha_city/51116
@bucha_city;2026-09-04 07:10;👐 Реабілітація;🫶 Єдина система турботи: у Бучанській громаді об’єднують зусилля медиків та фахівців із супроводу для підтримки ветеранів. У просторі «Ветеран ПРО» відбулася зустріч за участі заступниці Бучанського міського голови Людмили Риженко, очільника простору...;https://t.me/bucha_city/50955
@bucha_city;2026-09-01 10:29;⚽ Спорт | 🤝 Загальна безбар'єрність;Бучанські ветерани – серед найкращих! 🇺🇦💪 159 спортсменів – ветеранів війни, учасників бойових дій, військовослужбовців та представників силових структур з усієї України – зійшлися у національному відборі до офіційної збірної України на міжнародні зм...;https://t.me/bucha_city/50858
@bucha_city;2026-08-31 13:30;🤝 Загальна безбар'єрність;✨ Простір рівних можливостей: у Бучі відбулося засідання спільноти вихователів інклюзивних груп. Освітяни Бучанської громади розпочали підготовку до нового навчального року. Головна мета зустрічі – об'єднати педагогів та задати вектор для формування ...;https://t.me/bucha_city/50821
@bucha_city;2026-08-25 06:21;⚽ Спорт;🏔️«Друге дихання»: у Бучі до Дня Незалежності України відбувся показ документального фільму – історії п’ятьох українських військовослужбовців, які зазнали тяжких поранень на фронті, але знайшли в собі сили знову кинути собі виклик і підкорити Кіліман...;https://t.me/bucha_city/50530
@bucha_city;2026-08-20 10:15;🏗️ Інфраструктура;⚠️ Завтра, 21 серпня, у Бучанському консультативно-діагностичному центрі буде обмежений прийом пацієнтів. У медцентрі проводитимуть ремонтні роботи – зокрема, монтаж лінолеуму. Нагадуємо, наразі в закладі триває капітальний ремонт, спрямований на ств...;https://t.me/bucha_city/50362
@bucha_city;2026-08-18 16:46;🤝 Загальна безбар'єрність;«Новий старт: можливості для ВПО в Бучанській громаді». У Бучанській громаді відбувся інформаційний захід, присвячений підтримці внутрішньо переміщених осіб та можливостям для їхнього розвитку. Учасники говорили про працевлаштування, навчання, започа...;https://t.me/bucha_city/50294
@bucha_city;2026-08-18 08:35;👐 Реабілітація;🫂 У Бучанській громаді працюють фахівці із супроводу учасників бойових дій та демобілізованих осіб. Уже 508 ветеранів у громаді отримують супровід. Фахівці працюють у всіх старостинських округах та допомагають ветеранам, ветеранкам і їхнім родинам ви...;https://t.me/bucha_city/50279
@bucha_city;2026-08-17 16:14;⚽ Спорт;🏆 Три медалі для Бучі на рейтингових змаганнях «Звитяга Нескорених» у Львові. Представники Бучанської громади гідно представили Київщину на змаганнях з адаптивного спорту. 🔸Дмитро Старіков виборов два перших місця: у жимі лежачи та у веслуванні на тр...;https://t.me/bucha_city/50265
@bucha_city;2026-08-16 13:05;👐 Реабілітація;💛«П’ятничні посиденьки»: щоп’ятниці у Бучанському центрі життєстійкості проходять ресурсні кола для жінок. Це простір для відпочинку, щирого спілкування, підтримки та відновлення. Під час зустрічей учасниці говорять про емоційний стан, стосунки, само...;https://t.me/bucha_city/50233
@bucha_city;2026-08-13 10:02;👐 Реабілітація;🏇Іпотерапія – час для відновлення та позитивних емоцій Ветерани та їхні діти провели час на сеансі іпотерапії, який організував ветеранський простір «Ветеран ПРО» спільно з відділенням реабілітації Бучанського консультативно-діагностичного центру. До...;https://t.me/bucha_city/50101
@bucha_city;2026-08-12 17:55;⚽ Спорт | 👐 Реабілітація | 🏗️ Інфраструктура;♿️Доступність як стандарт: у Бучі проінспектували новий державний Ветеранський простір, який перебуває на етапі будівництва. Для того, аби майбутній осередок був максимально зручним та відповідав усім інклюзивним вимогам, на обʼєкті провели виїзну пе...;https://t.me/bucha_city/50087
@bucha_city;2026-08-11 06:30;👐 Реабілітація;🔑 «Ключ до себе»: у Бучанському центрі життєстійкості відбулися «П’ятничні посиденьки». Цього разу учасниці долучилися до тренінгу, присвяченого самопізнанню, внутрішнім потребам та пошуку власних опор. Під час зустрічі говорили про те, що іноді стра...;https://t.me/bucha_city/50031
@bucha_city;2026-08-10 14:55;👐 Реабілітація;📱«Instagram з нуля»: у Бучанському центрі життєстійкості проведуть інформаційну сесію про ведення соцмереж. Соціальні мережі сьогодні можуть бути не лише способом спілкування, а й інструментом для професійного розвитку, самопрезентації, пошуку нових ...;https://t.me/bucha_city/50025
@bucha_city;2026-08-07 13:34;🤝 Загальна безбар'єрність;🚗 Безкоштовне навчання в автошколах для ветеранів та їхніх сімей. Ветерани війни та члени їхніх сімей можуть безкоштовно пройти навчання керуванню автомобілем та отримати посвідчення водія в межах програми професійної адаптації за кошти державного бю...;https://t.me/bucha_city/49933
@bucha_city;2026-08-07 09:33;⚽ Спорт;💰10 000 000 грн грантового фонду : в Україні стартував третій сезон освітньо-грантової програми «Траєкторія». Програма спрямована на підтримку та розвиток ветеранського бізнесу. Учасники зможуть: 🔸пройти навчання зі стратегії розвитку та масштабуванн...;https://t.me/bucha_city/49924
@bucha_city;2026-08-06 11:06;⚽ Спорт | 👐 Реабілітація;У Бучі завершуємо будівництво державного ветеранського простору. Він стане одним із перших таких центрів в Україні та прийматиме ветеранів з усього Бучанського району. Будівля буде повністю безбар’єрною. Тут облаштовуємо реабілітаційний спортзал, при...;https://t.me/bucha_city/49898
@bucha_city;2026-08-04 10:09;👐 Реабілітація;🌞 У Бучанському центрі життєстійкості працює Клуб підлітків: відкрито набір до нової групи. Підлітковий вік – період змін, пошуку себе та формування особистості. Саме тому функціонує безпечний простір для спілкування, психологічної підтримки та особи...;https://t.me/bucha_city/49819
@bucha_city;2026-08-02 16:06;🏗️ Інфраструктура;Шість головних подій цього тижня: 🔸Бучанська громада передала 16 підрозділам ЗСУ 36 Starlink, 29 генераторів, станцію керування БпЛА, 800 кг філаменту для 3D-друку, автобус MAN та вантажівку Volkswagen T4 загальною вартістю понад 2,1 млн грн. 🔸У Синя...;https://t.me/bucha_city/49762
@bucha_city;2026-07-30 11:31;👐 Реабілітація;✨ Творчість, підтримка та нові знайомства: у Бучанському центрі життєстійкості відбулися заняття для дітей і підлітків. Під час другого заняття Клубу підлітків учасники працювали разом із психологом центру, спілкувалися, ділилися своїми думками та оп...;https://t.me/bucha_city/49653
@bucha_city;2026-07-29 18:01;👐 Реабілітація | 🏗️ Інфраструктура;Соціальні та реабілітаційні послуги – безкоштовно та поруч: у Бучанській громаді працює Центр комплексного розвитку та підтримки дітей👦✨ У закладі облаштовані сучасні кабінети фізичної реабілітації, сенсорної терапії, кімнату самообслуговування та ін...;https://t.me/bucha_city/49635
@bucha_city;2026-07-29 07:00;🏗️ Інфраструктура;Було і стало: у парку «Диво» в Бучі повністю оновили дитячий майданчик. Замість старих конструкцій тепер тут сучасний, яскравий та інклюзивний простір для дітей різного віку. Плануємо поступово змінювати й інші дитячі майданчики громади, зокрема в ме...;https://t.me/bucha_city/49624
@bucha_city;2026-07-27 15:25;⚽ Спорт | 🤝 Загальна безбар'єрність;🚗 Ветерани та ветеранки можуть оформити автоцивілку без власних витрат. Держава запровадила механізм компенсації вартості поліса автоцивілки для ветеранів і ветеранок. Половину його вартості компенсує держава, ще 50% надає страхова компанія у вигляді...;https://t.me/bucha_city/49586
@bucha_city;2026-07-27 11:52;👐 Реабілітація;🎨Алгоритм гармонії: у Бучанському центрі життєстійкості відбувся творчий захід з нейрографіки. Під час чергової зустрічі «Код моєї гармонії: Алгоритм ресурсного стану» учасники опановували арттерапевтичні техніки для психологічного перезавантаження т...;https://t.me/bucha_city/49576
@bucha_city;2026-07-27 07:01;👐 Реабілітація;Щороку цього дня ми дякуємо всім нашим медичним працівникам: лікарям, бойовим медикам, медичним сестрам і братам, фельдшерам, парамедикам, усім працівникам екстреної медичної допомоги, усім, хто працює в лікарнях, реанімаціях, операційних, стабілізац...;https://t.me/bucha_city/49559
@bucha_city;2026-07-25 14:43;👐 Реабілітація;💙 Ментальне здоров’я – це основа нашої стійкості. Піклуючись про інших, важливо не забувати й про себе. Фахівці Бучанського центру життєстійкості провели ресурсне коло для працівників шелтеру Святої Ольги, які щодня підтримують людей, що опинилися у ...;https://t.me/bucha_city/49515
@bucha_city;2026-07-24 16:16;🚌 Транспорт | 👐 Реабілітація;❤️‍🩹 Соціальна підтримка поруч, але турботу рідних вона не замінить. Бучанський міський голова Анатолій Федорук провів робочу нараду із соціальними працівниками Бучанського центру соціальних послуг та психологічної допомоги. Під час зустрічі обговори...;https://t.me/bucha_city/49490
@bucha_city;2026-07-24 11:45;👐 Реабілітація;⭐️ Вихідні у Бучанській громаді: події, до яких варто долучитися. Ми підготували для вас добірку спортивних, благодійних, сімейних та культурних заходів, які відбудуться цими вихідними. 🔸 Фінал Кубка Бучанської районної асоціації футболу. У вирішальн...;https://t.me/bucha_city/49488
@bucha_city;2026-07-23 13:33;👐 Реабілітація;✨«Код моєї гармонії: Алгоритм ресурсного стану» – у Бучанському центрі життєстійкості відбудеться арттерапевтична зустріч. Це творчій захід, який допоможе відновити внутрішній ресурс, знайти натхнення та приділити час собі. Під час події учасники: 🔸 ...;https://t.me/bucha_city/49442
@bucha_city;2026-07-21 10:05;👐 Реабілітація;📱Опануйте мобільний монтаж: у Бучі відбудеться безкоштовне навчання зі створення контенту для Instagram. Практична інформаційна сесія допоможе опанувати затребувану навичку для розвитку власної справи, особистого бренду чи професійного зростання. Під...;https://t.me/bucha_city/49373
@bucha_city;2026-07-16 17:19;🏗️ Інфраструктура | 🤝 Загальна безбар'єрність;«Форум соціальних змін: шляхи підтримки літніх людей від переміщення до інтеграції». У Бучі відбувся міжрегіональний форум присвячений підтримці та адаптації літніх людей і маломобільних груп населення, зокрема ВПО. Захід зібрав близько 100 представн...;https://t.me/bucha_city/49218
@bucha_city;2026-07-16 14:26;👐 Реабілітація;Після звільнення з російського полону та реабілітації Богдан Щерба повернувся додому, до рідної Луб’янки. Чотири роки і чотири місяці він провів у російській неволі як цивільний. На Богдана чекали рідні, друзі й уся Бучанська громада, яка зустрічала ...;https://t.me/bucha_city/49209
@bucha_city;2026-07-15 10:15;👐 Реабілітація;🇱🇺 Юні мешканці Бучанської громади проводять літні канікули у місті-побратимі Штрассен (Люксембург). У межах програми реабілітації та психосоціальної підтримки діти з Бучанської громади перебувають у Люксембурзі, де знайомляться з історією, культурою...;https://t.me/bucha_city/49151
@bucha_city;2026-07-12 16:09;⚽ Спорт | 👐 Реабілітація;🤝🇺🇦Єднання, підтримка та дитячі усмішки: у Бучі відбувся Сімейний ветеранський фестиваль до Дня Української державності! Сьогодні Пластовий вишкільний центр об’єднав ветеранів, їхні родини, а також сім’ї загиблих, безвісти зниклих і військовополонени...;https://t.me/bucha_city/49068
@bucha_city;2026-07-08 17:47;👐 Реабілітація;🦷 Безкоштовні стоматологічні послуги для ветеранів та пільгових категорій: як отримати допомогу в Бучанському консультативно-діагностичному центрі. Тут пацієнтам доступне все необхідне без жодних доплат: від невідкладного лікування гострого болю та с...;https://t.me/bucha_city/48969
@bucha_city;2026-07-06 15:31;👐 Реабілітація;💼 Управління соціальної політики Бучанської міської ради запрошує на роботу. Це можливість отримати стабільну роботу, професійно розвиватися та працювати на благо громади. Наразі відкрито такі вакансії: 🔸Спеціаліст відділу з обслуговування ветеранів ...;https://t.me/bucha_city/48891
@bucha_city;2026-07-05 15:11;👐 Реабілітація;Літо з користю: безкоштовні заняття для дітей у Бучанському центрі життєстійкості. Щосереди у Бучанському центрі життєстійкості проходять безкоштовні заняття, які допомагають зміцнити емоційний стан, розвинути навички спілкування та знайти нових друз...;https://t.me/bucha_city/48859
@bucha_city;2026-07-04 17:15;🚨 Укриття;🫡Інспектори КП «Муніципальна безпека» щодня дбають про порядок в укриттях Бучанської громади. В умовах постійної загрози ракетних та дронових атак укриття мають бути готовими прийняти людей у будь-який момент. Під час перевірок інспектори контролюють...;https://t.me/bucha_city/48829
@bucha_city;2026-06-30 17:13;👐 Реабілітація;🧠🎨 У Бучанському центрі життєстійкості завершили першу в Україні Art&Tech-програму «Коло стійкості: Мистецька регенерація громад». Пілотний цикл авторської програми Олени Ензель складався із семи комплексних сесій та поєднав психосоціальну підтримку,...;https://t.me/bucha_city/48701
@bucha_city;2026-06-27 06:54;👐 Реабілітація;🇺🇦Підтримка звільнених з полону жителів громади триває. Кожна така зустріч – це можливість особисто почути про потреби людей, які пройшли через надзвичайно складні випробування. Цього разу заступниця Бучанського міського голови Людмила Риженко та кер...;https://t.me/bucha_city/48536
@bucha_city;2026-06-25 12:21;👐 Реабілітація;🌿 У Бучанському центрі життєстійкості відбудеться заняття з основ психічного здоров’я та саундхілінгу. У сучасних умовах особливо важливо дбати про свій емоційний стан, вчасно відновлювати внутрішні ресурси та знаходити підтримку. Під час зустрічі уч...;https://t.me/bucha_city/48474
@bucha_city;2026-06-23 11:37;👐 Реабілітація;🕯️Схиляємо голови в жалобі: у Бабинцях проводжають в останню путь 38-річного Героя Олександра Власенка. Воїн став на захист рідної землі з перших днів повномасштабного вторгнення. Він визволяв Київську та Чернігівську області, а згодом боронив Україн...;https://t.me/bucha_city/48411
@bucha_city;2026-06-22 09:32;👐 Реабілітація;Попрощаємось із Героєм. 38-річний житель Бабинців Олександр Власенко відійшов у вічність. Із перших днів повномасштабної війни Олександр став на захист України. Брав участь у звільненні Київщини та Чернігівщини, а згодом виконував бойові завдання на ...;https://t.me/bucha_city/48368
@bucha_city;2026-06-21 14:53;🏗️ Інфраструктура;💊 Доступна медицина: у Синяківському старостаті офіційно відкрили нову аптеку. Аптечний пункт №3 мережі «Аптека Фенікс Фарм» запрацював за адресою: с. Синяк, вул. Київська, 60. Раніше в селі не було жодного закладу такого типу, тож відкриття аптеки п...;https://t.me/bucha_city/48354
@bucha_city;2026-06-18 18:04;⚽ Спорт;🛵12 ветеранів Бучанської громади отримали сучасні триколісні електроскутери. Сьогодні у Ветеранському просторі захисникам передали новий транспорт. Це стало можливим завдяки обласній програмі «Турбота», ініціативі голови Київської обласної ради Яросл...;https://t.me/bucha_city/48267
@bucha_city;2026-06-18 11:41;👐 Реабілітація;🦋 Символ легкості та літній настрій: у Бучанському центрі життєстійкості пройшло ресурсне заняття для дітей. Разом із фахівцями діти говорили про довгоочікуване літо, ділилися планами на канікули та розповідали про те, що допомагає їм почуватися щасл...;https://t.me/bucha_city/48252
@bucha_city;2026-06-18 10:06;👐 Реабілітація | 🏥 Медицина;🏥 Медичні послуги – максимально доступно та зрозуміло: НСЗУ підготувала «Гід для ветеранів: простими словами про медичні гарантії 2026». Це практичний посібник, який допомагає швидко орієнтуватися в безоплатних медичних послугах, гарантованих державо...;https://t.me/bucha_city/48251
@bucha_city;2026-06-11 10:41;👐 Реабілітація;💼 Управління соціальної політики Бучанської міської ради запрошує на роботу спеціалістів. Наразі відкрито кілька вакансій у різних напрямках соціальної роботи, ветеранської політики та адміністративного супроводу. 🔸Спеціаліст із функціями супроводу п...;https://t.me/bucha_city/48024
@bucha_city;2026-06-07 12:04;🏗️ Інфраструктура;♿️Доступність як стандарт: водії КП «Бучатранссервіс» успішно завершили навчання з безбар’єрності та отримали сертифікати. Інтенсивний курс «Безбар’єрність в автобусі: Знати. Вміти. Практикувати» пройшов увесь водійський склад підприємства. Завдяки ц...;https://t.me/bucha_city/47920
@bucha_city;2026-06-05 16:26;👐 Реабілітація;Історія довіри: до Центру комплексного розвитку та підтримки дітей завітав один із тих, хто повірив у нього ще до його відкриття. Бучу відвідав виконавчий директор Міжнародної благодійної організації «Надія і дім для дітей» Марк Веддінгтон. Цей візит...;https://t.me/bucha_city/47869
@bucha_city;2026-06-05 10:53;⚽ Спорт;🏉 В Україні стартує спортивний табір та змагання з регбі на кріслах колісних для ветеранів і військовослужбовців. Це можливість відновитися, знайти підтримку однодумців, випробувати себе у новому виді спорту та провести час у колі тих, хто розуміє з ...;https://t.me/bucha_city/47853
@bucha_city;2026-06-04 14:00;🤝 Загальна безбар'єрність;🫂Повага, рівність та простір без кордонів: у Бучанському ліцеї пройшов Тиждень безбар'єрності. Протягом тижня учні ліцею брали участь у тематичних заняттях, інтерактивних вправах та творчих активностях, де вчилися краще розуміти потреби інших. Адже б...;https://t.me/bucha_city/47826
@bucha_city;2026-05-30 14:42;👐 Реабілітація;🛼 Юна бучанка гідно представила громаду на Міжнародному кубку зі спідскейтингу в Італії! Учениця 2-Г класу Бучанського ліцею №9 Софія Червоняк виступила на змаганнях Vesmaco «Memorial Sergio Rossi» (International Vesmaco Race). Міжнародний кубок прох...;https://t.me/bucha_city/47639
@bucha_city;2026-05-22 09:30;👐 Реабілітація;🌊 У Бучанському центрі життєстійкості відбудеться Art&Tech воркшоп «Занурення: Простір глибинного спокою та творчості». Це особливий творчий простір для ментального відновлення, де через атмосферу світла, візуальних ефектів та мистецтва учасники змож...;https://t.me/bucha_city/47299
@bucha_city;2026-05-17 12:15;👐 Реабілітація;🌿Сучасні стандарти ментального здоров'я: фахівчині Бучанської громади взяли участь у міжнародній конференції «Повернення». Дводенна масштабна подія зібрала понад 200 експертів, урядовців та спікерів зі США, Ізраїлю та Ірландії. У центрі уваги – створ...;https://t.me/bucha_city/47111
@bucha_city;2026-05-15 11:11;🏗️ Інфраструктура;Безбар’єрність – наша постійна практика: завершуємо навчання водіїв КП «Бучатранссервіс» ♿️ Цього тижня відбувся другий етап інтенсиву «Знати. Вміти. Практикувати». Наша мета – щоб кожен водій громади володів навичками інклюзивного сервісу. Цього раз...;https://t.me/bucha_city/47028
@bucha_city;2026-05-14 15:29;👐 Реабілітація;427 захисників, захисниць та членів їхніх родин Бучанської громади вже перебувають у супроводі «ВетеранПРО» Буча. І це лише за три місяці роботи. За цей час команді вдалося вибудувати системну підтримку ветеранів, їхніх родин, сімей загиблих Героїв т...;https://t.me/bucha_city/46994
@bucha_city;2026-05-13 16:34;👐 Реабілітація;🌿 У Бучанському центрі життєстійкості відбулося заключне заняття курсу «Батьківство без стресу»: курс про підтримку, усвідомлене виховання та гармонію в сім’ї. Протягом навчання учасники отримували практичні знання та навички, які допомагають краще р...;https://t.me/bucha_city/46955
@bucha_city;2026-05-13 12:04;👐 Реабілітація;🖲️VR-технології на варті ментального здоров’я ветеранів. У Бучі проведуть перший сеанс інноваційної VR-реабілітації. Це сучасний метод психологічного відновлення, який вже довів свою ефективність у боротьбі з тривожністю та наслідками бойового стресу...;https://t.me/bucha_city/46951
@bucha_city;2026-05-12 10:29;⚽ Спорт | 👐 Реабілітація;🎯У просторі «Ветеран PRO»відбулося заняття з дартсу. Майстер-клас об’єднав ветеранів, їхні родини та всіх охочих, які прагнули активно й корисно провести час у колі однодумців. Учасники мали можливість ознайомитися з основами гри, спробувати свої сил...;https://t.me/bucha_city/46922
@bucha_city;2026-05-07 16:34;🤝 Загальна безбар'єрність;Буча офіційно відкрила власне представництво в Європейському комітеті регіонів у Брюсселі. Це новий рівень міжнародної присутності громади та ще один крок до сильної інтеграції в європейський простір. Такі представництва відкривають містам прямий дос...;https://t.me/bucha_city/46748
@bucha_city;2026-05-05 13:07;👐 Реабілітація;🌿 У Бучанському центрі життєстійкості відбулося заняття з основ психічного здоров’я з елементами нейрографіки – «Активація внутрішнього коду». Під час зустрічі учасниці поєднали аналітичний підхід і творчі практики нейрографіки, щоб краще зрозуміти с...;https://t.me/bucha_city/46664
@bucha_city;2026-05-05 10:12;⚽ Спорт | 👐 Реабілітація;🎯Активне та корисне дозвілля у Бучі: у просторі «Ветеран ПРО» відбудеться майстерклас із дартсу. Дартс як адаптивний вид спорту допомагає покращити концентрацію, координацію та емоційний стан, а також є чудовою можливістю відволіктися та провести час...;https://t.me/bucha_city/46660
@bucha_city;2026-05-04 16:25;🤝 Загальна безбар'єрність;📢 Відкрито бронювання коштів за житловими ваучерами для ВПО з тимчасово окупованих територій. Уряд передбачив 6,6 млрд грн на фінансування програми забезпечення житлом внутрішньо переміщених осіб. ❓ Як забронювати кошти? 1️⃣ Подайте заявку на бронюва...;https://t.me/bucha_city/46640
@bucha_city;2026-05-04 11:58;👐 Реабілітація;✨ У Бучі стартувала перша в Україні Art&Tech програма ментального відновлення – «Коло стійкості: Мистецька регенерація громад». У Бучанському Центрі життєстійкості розпочалася унікальна програма авторства Олени Ензель, що поєднує класичне мистецтво т...;https://t.me/bucha_city/46634
@bucha_city;2026-05-02 17:15;👐 Реабілітація;Навіки у строю… У Ворзелі попрощалися із захисником – Дмитром Назаренком. Чоловік долучився до лав Збройних Сил України у 2023 році, аби вірно та віддано захищати нашу державу. 22 січня Дмитро отримав поранення. Після цього проходив тривалу реабіліта...;https://t.me/bucha_city/46595
@bucha_city;2026-05-02 09:15;👐 Реабілітація;У Ворзелі проводжають в останню путь 37-річного захисника Дмитра Назаренка. Дмитро став на захист України у 2023 році. Під час виконання бойового завдання на Донецькому напрямку 22 січня отримав поранення. Він проходив тривалу реабілітацію, з’являлас...;https://t.me/bucha_city/46577
@bucha_city;2026-05-01 12:48;👐 Реабілітація;Через отримані на фронті поранення пішов із життя 37-річний Дмитро Назаренко. Дмитро народився і виріс у Ворзелі. У мирному житті працював на різних роботах, щиро любив тварин і музику. У 2023 році став до лав Збройних Сил України. 22 січня на Донець...;https://t.me/bucha_city/46557
@bucha_city;2026-04-30 09:00;👐 Реабілітація;До Бучі з робочим візитом завітала Маріко Укійо – керівниця Національної асоціації фахівців психічного здоровʼя Японії та засновниця центру «Шібуя Хімаварі», який із 2022 року допоміг уже понад 1500 українцям у Японії відновити психологічний стан. Її...;https://t.me/bucha_city/46512
@bucha_city;2026-04-28 12:27;🤝 Загальна безбар'єрність;🤝 «Податкова підтримка ветеранського підприємництва: можливості та підтримка на Київщині»: у Бучі відбулася зустріч щодо розвитку бізнесу та працевлаштування ветеранів. Захід став регіональним продовженням системної співпраці між Державною податковою...;https://t.me/bucha_city/46435
@bucha_city;2026-04-28 08:24;👐 Реабілітація;🗣️ Бучанський центр життєстійкості представив свій досвід на Національному форумі життєстійкості у Києві. Представники нашої громади долучилися до масштабної події, що об’єднала понад 250 Центрів життєстійкості з усієї країни. Наш центр на форумі пре...;https://t.me/bucha_city/46432
@bucha_city;2026-04-25 13:07;⚽ Спорт | 🏗️ Інфраструктура;♿️ Буча стає другим містом в Україні, де впроваджують інклюзивні стандарти пасажирських перевезень. Команда КП «Бучатранссервіс» розпочала інтенсивний курс для водіїв «Безбар’єрність в автобусі: Знати. Вміти. Практикувати». Переймаючи досвід колег зі...;https://t.me/bucha_city/46358
@bucha_city;2026-04-23 17:16;⚽ Спорт | 👐 Реабілітація;«Ветерани – це рушійна сила, яку треба правильно спрямувати». Саме з таким розумінням рухаємось далі. У рамках підписаного Меморандуму про партнерство між Ветеран ПРО. Буча, Федерацією стронгмену України та Українською федерацією спорту ветеранів вій...;https://t.me/bucha_city/46302
@bucha_city;2026-04-23 11:54;👐 Реабілітація;🫶23 квітня весь світ відзначає Міжнародний день психолога. У часи випробувань робота цих фахівців стала невід'ємною частиною нашого життя. Від першої розмови, коли щось усередині змінюється, – до глибинного відновлення, коли крок за кроком повертаєшс...;https://t.me/bucha_city/46296
@bucha_city;2026-04-22 12:50;👐 Реабілітація;✨У Бучі відбудеться творчо-терапевтичне заняття «Мікросвіт спокою: відкрий свою внутрішню силу». Це можливість відновити емоційний ресурс, відчути гармонію з собою, наповнитися позитивною енергією та провести час у творчій атмосфері. У програмі заход...;https://t.me/bucha_city/46263
@bucha_city;2026-04-22 06:29;⚽ Спорт;🏆 Бучанські спортсмени у складі збірної Київщини здобули дві перемоги на старті Чемпіонату України з волейболу сидячи! Роман Сухостав та Олег Богуш успішно представили громаду на першому етапі Чемпіонату України серед учасників бойових дій та осіб з ...;https://t.me/bucha_city/46245
@bucha_city;2026-04-20 11:32;🤝 Загальна безбар'єрність;Сьогодні Київщина системно нарощує власну енергетичну спроможність. Ми всі бачимо, як ворог цілеспрямовано б’є по енергетичній інфраструктурі. І відповідь тут одна — ставати сильнішими і більш незалежними. Не декларативно, а через конкретні рішення н...;https://t.me/bucha_city/46205
@bucha_city;2026-04-18 14:25;⚽ Спорт | 👐 Реабілітація;🎾 Петанк для кожного: у Бучі відбувся відкритий майстер-клас. Петанк – це не лише цікаве дозвілля, а й спорт, що розвиває влучність, об’єднує людей та допомагає емоційно відновлюватися. Особливе значення гра має як інструмент реабілітації та соціаліз...;https://t.me/bucha_city/46161
@bucha_city;2026-04-18 11:50;👐 Реабілітація;🎨 Теплі посиденьки у Бучі: у Центрі життєстійкості відбулися заняття «НейроТрансформація». У просторі зібралися, щоб поспілкуватися, підтримати одне одного, покращити психоемоційний стан і, звісно, зануритися у захопливий світ нейрографіки. Це глибок...;https://t.me/bucha_city/46156
@bucha_city;2026-04-16 18:11;🏗️ Інфраструктура;Безбар’єрність – це не привілей, а норма: ветеран Валентин Олексієнко проінспектував автобусні маршрути КП «Бучатранссервіс». Керівник простору «ВетеранПРО» на власному досвіді перевірив, наскільки муніципальний транспорт громади зручний для людей на...;https://t.me/bucha_city/46082
@bucha_city;2026-04-16 15:40;⚽ Спорт | 👐 Реабілітація;🎾 Петанк для кожного: у Бучанському міському парку відбудеться відкрите тренування та майстер-клас. Запрошуємо мешканців та гостей громади познайомитися з інтелектуальним видом спорту, який об’єднує покоління. Петанк-клуб «Кульмайстер» за підтримки «...;https://t.me/bucha_city/46075
@bucha_city;2026-04-15 14:25;👐 Реабілітація;🎬 У Бучі відбудеться відкритий показ документального фільму «Нові герої» режисера Романа Бондарчука. Ця стрічка – про силу звичайних українців, їхню незламність та боротьбу за справедливість. Запрошуємо мешканців та гостей міста разом переглянути три...;https://t.me/bucha_city/46039
@bucha_city;2026-04-13 11:20;🤝 Загальна безбар'єрність;Міжнародна співпраця та нові освітні можливості: до Бучі завітали представники Міжнародної федерації фахівців з нерухомості FIABCI. Президент Міжнародної Федерації Фахівців з Нерухомості FIABCI international Антоніо Кампаньйолі, президентка ГО «ФІАБС...;https://t.me/bucha_city/45965
@bucha_city;2026-04-13 09:40;👐 Реабілітація;💝 «Картина нашої любові»: у Бучанському центрі життєстійкості відбувся теплий захід для мам з дітьми. Учасниці разом із малечею зібралися, щоб поговорити про важливе – стосунки, взаєморозуміння та підтримку в родині. Особливою частиною зустрічі стала...;https://t.me/bucha_city/45957
@bucha_city;2026-04-11 15:00;👐 Реабілітація;Переймаємо досвід у найкращих: делегація на чолі з заступницею Бучанського міського голови Людмилою Риженко відвідали реабілітаційний центр UNBROKEN у Львові. UNBROKEN – унікальний центр, де щодня відбувається фізичне й психологічне відновлення. Тут ...;https://t.me/bucha_city/45919
@bucha_city;2026-04-08 11:41;👐 Реабілітація;🧘‍♀️У Бучі відбудеться особливе заняття для відновлення внутрішньої гармонії. Дозвольте собі паузу і турботу про себе та відвідайте унікальний тренінг з основ психічного здоров’я з елементами саунд-хілінгу та медитації. Напередодні Великодня це чудов...;https://t.me/bucha_city/45802
@bucha_city;2026-04-07 07:03;👐 Реабілітація;У Бучі триває будівництво обласного ветеранського простору. Проєкт реалізуємо за кошти державної субвенції, обласного та місцевого бюджетів у межах ініціативи Міністерства у справах ветеранів. Це масштабний і дуже важливий центр із двома основними бл...;https://t.me/bucha_city/45772
@bucha_city;2026-04-05 15:40;👐 Реабілітація;✨ Зупинити час і знайти точку опори: у Бучанському центрі життєстійкості відбувся Art&Tech воркшоп «Ловці тіней». Захід організували в межах проєкту «Коло стійкості: Мистецька регенерація громад» Олени Ензель. Учасники працювали зі світлом і тінями –...;https://t.me/bucha_city/45725
@bucha_city;2026-04-03 17:28;👐 Реабілітація;Дбати про ментальне здоров’я важливо: до Бучі завітав канадський сенатор і провідний експерт з психічного здоров’я Стенлі Пол Кучер. Видатний лікар і науковець, професор емерит психіатрії та один із провідних світових експертів у сфері ментального зд...;https://t.me/bucha_city/45667
@bucha_city;2026-03-30 18:13;👐 Реабілітація;У Бучі запрацював Центр комплексного розвитку та підтримки дітей – простір, де діти з інвалідністю та їхні родини отримуватимуть комплексну допомогу. Тут поєднали раннє втручання, реабілітацію, денний догляд і роботу з батьками – усе працює як єдина ...;https://t.me/bucha_city/45480
@bucha_city;2026-03-30 13:06;👐 Реабілітація;Центр комплексного розвитку та підтримки дітей запрацював у Бучі. Сьогодні відкрили цілісний профільний простір, де зібрані всі ключові послуги для дітей і родин. Тут в одному місці тепер працюють центр раннього втручання, реабілітація для дітей з ін...;https://t.me/bucha_city/45453
@bucha_city;2026-03-30 12:35;👐 Реабілітація;✨ У Бучі стартувала програма ментального відновлення «Коло стійкості: Мистецька регенерація громад». У Бучанському Центрі життєстійкості розпочали програму, що поєднує мистецтво та підходи Art&Tech для підтримки емоційного стану та внутрішнього балан...;https://t.me/bucha_city/45448
@bucha_city;2026-03-29 15:10;👐 Реабілітація;🫂 Ментальне здоров’я – це не розкіш, а необхідність: у Бучі працює Центр життєстійкості. Центр життєстійкості – це простір підтримки та відновлення, де фахівці допомагають знайти внутрішній баланс і ресурс. Тут проводять заняття для різних вікових ка...;https://t.me/bucha_city/45421
@bucha_city;2026-03-25 18:49;👐 Реабілітація;❤️‍🩹Наш Герой – вдома. Бучанець Володимир Майор повернувся з російського полону. У рідному мікрорайоні Склозавод його зустрічали десятки жителів – зі сльозами радості на очах. Люди вишикувалися у «живий коридор», аби сказати найважливіше: «Дякуємо, щ...;https://t.me/bucha_city/45284
@bucha_city;2026-03-25 11:35;👐 Реабілітація;✨У Бучі відбудеться арт-заняття «Сяйво всередині: Магія флуоресцентного бодіарту». Бучанський центр життєстійкості запрошує мешканців громади поринути у простір, де мистецтво виходить за межі звичного, а емоції набувають яскравого неонового світла. Ц...;https://t.me/bucha_city/45269
@bucha_city;2026-03-22 13:10;👐 Реабілітація;🌸 У Бучанському центрі життєстійкості відбулося заняття з основ психічного здоров’я. Зустріч присвятили темі унікальності кожної людини та важливості залишатися собою без потреби відповідати очікуванням інших. Учасниці говорили про внутрішню опору – ...;https://t.me/bucha_city/45157
@bucha_city;2026-03-18 11:54;👐 Реабілітація;🤝Підтримка ветеранів та психосоціальна допомога дітям: Бучанський консультативно-діагностичний центр підписав меморандум про співпрацю зі Спеціалізованою школою №210 міста Києва. Головна мета партнерства – об’єднати зусилля медичної та освітньої спіл...;https://t.me/bucha_city/45023
@bucha_city;2026-03-16 11:05;👐 Реабілітація;🌱 У Бучі стартує курс «Самодопомога +» для підтримки ментального здоров’я. У Центрі життєстійкості розпочинається курс «Самодопомога +» – програма психологічної підтримки для людей, які переживають стрес, тривогу або емоційне виснаження в умовах війн...;https://t.me/bucha_city/44970
@bucha_city;2026-03-15 10:44;👐 Реабілітація;Мистецтво стійкості: у Бучі відновлювали внутрішній ресурс через нейрографіку🎨🌿 У Центрі життєстійкості відбулося практичне заняття з психологічного розвантаження, присвячене пошуку точок опори в умовах тривалого стресу. Головним інструментом оновлен...;https://t.me/bucha_city/44941
@bucha_city;2026-03-05 14:52;👐 Реабілітація;Наш — вдома. Бучанець Володимир Майор повернувся з російського полону в результаті сьогоднішнього обміну. Честь і слава нашому захиснику! Володимир став на захист України ще у 2015 році — добровільно вирушив на передову у складі десантно-штурмових ві...;https://t.me/bucha_city/44608
@bucha_city;2026-03-04 13:32;⚽ Спорт | 👐 Реабілітація;🏆 Ветеран із Бучанської громади Сергій Гурдуза здобув «золото» на міжнародних змаганнях Air Force and Marine Corps Trials у США! Житель Ворзеля та тренер Академії спорту гідно представив Київщину у складі національної збірної України. На базі морсько...;https://t.me/bucha_city/44567
@bucha_city;2026-03-01 14:40;👐 Реабілітація;🌱 Медитація та натхнення: у Бучі відбувся творчий захід зі створення мандал душі. У Центрі життєстійкості кожен охочий мав змогу долучитися до медитативної практики, яка допомагала сповільнитися, заспокоїтись і налаштуватися на внутрішній стан. За да...;https://t.me/bucha_city/44472
@bucha_city;2026-02-28 16:05;👐 Реабілітація;🌱 У Бучі відкрито запис на індивідуальні тілесно-орієнтовані практики цвяхостояння на березень. Центр життєстійкості запрошує жителів громади долучитися до глибоких практик із тілом і психікою, які допомагають повернути внутрішню рівновагу та віднови...;https://t.me/bucha_city/44457
@bucha_city;2026-02-26 11:47;⚽ Спорт | 🤝 Загальна безбар'єрність;📢 Ветерани та особи з інвалідністю внаслідок війни тепер можуть отримати компенсацію за страховий поліс навіть за завершеними договорами. 🇺🇦 Послуга доступна у розділі «Ветеран PRO» застосунку «Дія». Подати заяву необхідно протягом 3 місяців, починаю...;https://t.me/bucha_city/44388
@bucha_city;2026-02-20 10:42;👐 Реабілітація | 🤝 Загальна безбар'єрність;Посилюємо підтримку ветеранів: Бучанська міська рада уклала Меморандум про співпрацю з ГО «Ветерани війни з обмеженими можливостями Бучанського району «Легіон Титанів». Головна мета партнерства – допомогти кожному захиснику знайти своє місце в цивіль...;https://t.me/bucha_city/44160
@bucha_city;2026-02-19 15:59;👐 Реабілітація;Підтримка сил оборони, освіти та ветеранів — такими були головні рішення сесії міської ради, яка сьогодні пройшла у Бучі. Виділю для вас найважливіші: ▪️15 млн грн — на підтримку Сил оборони України. ▪️15,6 млн грн — стимулюючі доплати педагогічним п...;https://t.me/bucha_city/44147
@bucha_city;2026-02-19 11:06;👐 Реабілітація;☕️Іноді достатньо аромату кави, щоб знову відчути спокій: Бучанський центр життєстійкості запрошує на терапію з малювання кавою. У колі психологів і однодумців ви зможете сповільнитися, зняти напругу, прожити свої емоції через творчість і відчути вну...;https://t.me/bucha_city/44133
@bucha_city;2026-02-18 17:00;🚌 Транспорт;У Бучанській громаді розпочав роботу ветеранський простір для захисників, захисниць і їхніх родин за адресою: вулиця Києво-Мироцька, 104-б у Бучі. Це місце підтримки для наших ветеранів, де можна отримати супровід фахівців, психологічну й юридичну до...;https://t.me/bucha_city/44110
@bucha_city;2026-02-18 12:56;⚽ Спорт;87 позачергову сесію Бучанської міської ради скликав Бучанський міський голова Анатолій Федорук. Пленарне засідання відбудеться 19 лютого о 10:00 за адресою: м. Буча, вул. Володимира Ковальського, 61В. До порядку денного внесено понад 100 питань. Сер...;https://t.me/bucha_city/44101
@bucha_city;2026-02-17 12:09;👐 Реабілітація;🧘‍♀️💆‍♀️У Центрі життєстійкості стартує набір до другої групи безкоштовного курсу з основ психічного здоров’я. У Бучанському центрі завершила навчання перша група курсу з основ психічного здоров’я з елементами пілатесу. Протягом кількох тижнів учасни...;https://t.me/bucha_city/44080
@bucha_city;2026-02-15 10:16;👐 Реабілітація;✨ Мрії, що стають планом дій: у Бучі провели майстер-клас «Карта мрій». У Центрі життєстійкості відбулася зустріч, яка об’єднала жителів навколо теми усвідомленого формування цілей. Учасники вчилися правильно формулювати бажання, розподіляли їх за се...;https://t.me/bucha_city/44015
@bucha_city;2026-02-13 09:00;👐 Реабілітація;🔋Зарядні станцій для дітей з інвалідністю: розпочато прийом заяв на отримання державної допомоги. Електроживлення – це не зручність, а критична умова життя, адже мова йде про роботу медичних та реабілітаційних приладів. Найближчим часом Україна отрим...;https://t.me/bucha_city/43947
@bucha_city;2026-02-12 09:30;👐 Реабілітація;✨Інструмент психологічної стійкості: У Бучі відбудеться майстер-клас зі стрворення «Карти мрій та бажань». У непрості часи особливо необхідно мати образ майбутнього, до якого хочеться рухатися. Бучанський центр життєстійкості запрошує візуалізувати с...;https://t.me/bucha_city/43919
@bucha_city;2026-02-07 14:10;🏗️ Інфраструктура;🍲 Жителі Бучанської громади можуть отримати безкоштовні гарячі обіди від автономного потягу-кухні. Потяг-куня працює завдяки підтримці «Укрзалізниці» під керівництвом Олександра Перцовського та Фундації Говарда Г. Баффета. Команда фахівців щодня готу...;https://t.me/bucha_city/43775
@bucha_city;2026-02-06 16:11;👐 Реабілітація;❗️Збір на лікування для бучанки: Катерина Кравцова потребує нашої підтримки. Катерина родом із Луганщини. Після початку повномасштабного вторгнення вона знайшла свій новий дім у Бучі. Працює медичною сестрою Бучанського центру первинної медико-саніта...;https://t.me/bucha_city/43747
@bucha_city;2026-02-06 12:59;🏗️ Інфраструктура;У ЗМІ шириться інформація щодо смерті у Ворзелі на 83-му році життя кінооператора Національної кіностудії художніх фільмів імені Олександра Довженка Павла Михайловича Лойка. Павло Лойко народився 8 липня 1943 року. Упродовж багатьох років працював на...;https://t.me/bucha_city/43744
@bucha_city;2026-02-04 18:47;👐 Реабілітація;💪 Гордість Бучанської громади: Валентин Олексієнко з Ворзеля підкорив паркет всеукраїнського турніру UKR DANCE CUP у Львові! На велику сцену зі спортивно-бальних танців 29-річний ветеран війни вийшов разом із партнеркою Дар’єю Білоус. Виступ Валентин...;https://t.me/bucha_city/43696
@bucha_city;2026-02-04 15:09;👐 Реабілітація;✨🎨У Бучанському Центрі життєстійкості відбулося заняття з нейрографіки – практики, яка допомагає зупинитись, почути себе та відновити внутрішній баланс. Ці зустрічі – про вивільнення негативних емоцій та підтримку у непрості часи. Навіть ті, хто ніко...;https://t.me/bucha_city/43682
@bucha_city;2026-02-03 18:50;🤝 Загальна безбар'єрність;🏆 Педагог із Бучі – у фіналі національної премії Physical Education Teacher Award 2025! Учитель фізичної культури Бучанського ліцею №9 Олексій Карабут став одним із найкращих педагогів країни. Олексій успішно подолав відбірковий етап і тепер представ...;https://t.me/bucha_city/43663
@bucha_city;2026-02-02 13:45;👐 Реабілітація;🌱 У Бучі проходитимуть тілесно-орієнтовані практики цвяхостояння – відкрито запис на лютий. Центр життєстійкості запрошує всіх охочих на індивідуальну глибоку роботу з тілом і психікою, що сприяє розвитку внутрішньої рівноваги та ресурсності. Практик...;https://t.me/bucha_city/43610
@bucha_city;2026-02-01 10:50;👐 Реабілітація;У Бучі проходять арт-терапевтичні заняття для дітей, які допомагають малечі розвивати впевненість у собі та емоційну стійкість. У Центрі життєстійкості діти мають простір, де через творчість і гру вони можуть: 🔸 м’яко проживати та опрацьовувати емоці...;https://t.me/bucha_city/43576
@bucha_city;2026-01-30 13:43;👐 Реабілітація;Бучанська громада увійшла до п’яти громад України, які відібрали для участі у пілотному проєкті Світового банку. Днями відбулася робоча нарада за участі Бучанського міського голови Анатолія Федорука з консультантами міжнародної інституції для обговор...;https://t.me/bucha_city/43514
@bucha_city;2026-01-30 08:25;🚌 Транспорт;Цифровізуємо Бучанську громаду — запустили мобільний застосунок MISTO. Тепер громада в смартфоні. Так, майже як у столиці. А подекуди — навіть зручніше 😉 Наразі в застосунку доступні сповіщення про повітряну тривогу, інтерактивна мапа укриттів і пунк...;https://t.me/bucha_city/43509
@bucha_city;2026-01-28 14:00;👐 Реабілітація;✨У Бучі відбудеться заняття з психологічної стійкості з елементами саунд-хілінгу. Центр життєстійкості запрошує на безкоштовну зустріч, що допоможе знизити рівень тривожності, відновити емоційний ресурс, покращити сон і концентрацію. Саунд-хілінг – ц...;https://t.me/bucha_city/43460
@bucha_city;2026-01-25 16:06;👐 Реабілітація;✨Простір для себе та внутрішньої сили: у Бучанському Центрі життєстійкості відбулося заняття з нейрографіки «Моя гармонія». У час, коли напруга й невизначеність стали частиною нашого життя, турбота про ментальне здоров’я стає необхідністю. Нейрографі...;https://t.me/bucha_city/43361
@bucha_city;2026-01-25 10:45;👐 Реабілітація;В Україні працює портал «Ветеран Pro» – державний ресурс, створений для підтримки ветеранів, ветеранок та їхніх родин. Платформа об’єднує найважливіші державні послуги в одному місці. Тут можна знайти інформацію про лікування та реабілітацію, пільги,...;https://t.me/bucha_city/43354
@bucha_city;2026-01-24 12:42;🏗️ Інфраструктура;Допомога для кожного: автономний потяг-кухня забезпечує гарячими обідами понад 500 жителів Бучанської громади. Потяг-кухня працює завдяки підтримці Укрзалізниці під керівництвом Олександра Перцовського та Фундації Говарда Г. Баффета. Протягом тижня к...;https://t.me/bucha_city/43328
@bucha_city;2026-01-22 12:15;👐 Реабілітація;🧘‍♀️Відновити внутрішній баланс та ресурс: у Бучі відбудеться заняття з нейрографіки «Моя гармонія». Ця м’яка та глибока практика допомагає знизити стрес, усвідомити власні емоції та віднайти внутрішню опору навіть у складні часи. Учасники навчаться ...;https://t.me/bucha_city/43265
@bucha_city;2026-01-21 13:01;👐 Реабілітація;🫂У Бучі працює мобільна бригада соціально-психологічної допомоги для осіб, які постраждали від домашнього або гендерно зумовленого насильства. До команди фахівців входять психолог та соціальний працівник. Їхня робота спрямована на комплексне вирішенн...;https://t.me/bucha_city/43230
@bucha_city;2026-01-19 17:56;🏗️ Інфраструктура;🍳Гарячі обіди для Бучанської громади: місцеві жителі отримали допомогу від автономного потяга-кухні. Потяг-кухня розпочав роботу за підтримки Укрзалізниці під керівництвом Олександра Перцовського та Фундації Говарда Г. Баффета. Це повністю автономний...;https://t.me/bucha_city/43169
@bucha_city;2026-01-19 09:00;🚌 Транспорт | 🏗️ Інфраструктура;🚖 Доступність для кожного: у Бучанській громаді працює послуга «Соціальне таксі». Щоденні справи, візит до лікаря чи установи не мають бути перешкодою. Саме тому у громаді діє послуга, яка допомагає безпечно та зручно дістатися до медичних, соціальни...;https://t.me/bucha_city/43160
@bucha_city;2026-01-15 14:35;👐 Реабілітація;👵👴Турбота про людей поважного віку: у Бучі працює простір підтримки, де допомагають впоратися з тривогами, стресом та інформаційним перевантаженням. Заняття з психологами для всіх охочих проходять у Центрі життєстійкості – це простір, де можна віднов...;https://t.me/bucha_city/43069
@bucha_city;2026-01-15 10:15;⚽ Спорт | 🤝 Загальна безбар'єрність;💪Ветерани можуть отримати 1 500 грн на підтримку фізичного та ментального здоров’я. Триває прийом заявок на участь у державній програмі «Ветеранський спорт». Це можливість отримати гроші для відновлення та підтримки здоров’я у зручному для вас формат...;https://t.me/bucha_city/43064
@bucha_city;2026-01-14 18:21;⚽ Спорт | 👐 Реабілітація;🏐У Бучі відбулося відкрите тренування та товариський матч із волейболу сидячи, що об’єднали ветеранів війни. На майданчику «Академії спорту» зустрілися дві команди – «Фенікс-Макарів» і команда ветеранів, яку очолює бучанець, ветеран війни Сергій Гурд...;https://t.me/bucha_city/43039
@bucha_city;2026-01-08 17:03;👐 Реабілітація;🫶Зміцнення внутрішньої сили через творчість: у Бучі відбулося особливе арттерапевтичне заняття для дітей. Заняття, що пройшло на базі Центру життєстійкості, допомогло малечі навчитися справлятися зі страхами та знаходити вихід із найскладніших ситуац...;https://t.me/bucha_city/42822
@bucha_city;2026-01-08 12:05;👐 Реабілітація;У Бучі стартує набір на серію тренінгових занять «Батьківство без стресу». Програма створена для мам і тат, які прагнуть побудувати гармонійні стосунки з дітьми, подолати емоційне виснаження та знайти впевненість у своїх батьківських рішеннях. Курс с...;https://t.me/bucha_city/42814
@bucha_city;2026-01-07 13:56;👐 Реабілітація;🫂У Бучі триває набір до групи підтримки для дружин військових. Ініціатива спрямована на покращення психоемоційного стану жінок, які щодня живуть в умовах тривоги за близьких та емоційного навантаження. Очікування, страх за чоловіка та відповідальніст...;https://t.me/bucha_city/42806
@bucha_city;2026-01-07 11:00;🏗️ Інфраструктура;Інклюзивний простір починається з кожного з нас 🤝 Коли ми говоримо про безбар’єрність, то часто уявляємо пандуси чи ліфти. Проте вона починається значно раніше – з мови, яку ми використовуємо, та з етики нашої взаємодії. Слова, які ми обираємо, мають...;https://t.me/bucha_city/42795
@bucha_city;2026-01-07 09:34;👐 Реабілітація;🫶Турбота там, де вона найбільше потрібна: фахівці Центру життєстійкості відвідали шелтер Святої Ольги. Під час візиту команда розповіла родинам про можливості Центру та групові програми, спрямовані на відновлення внутрішніх ресурсів, розвиток навичок...;https://t.me/bucha_city/42790
@bucha_city;2026-01-04 09:35;👐 Реабілітація;🗣️В Україні розпочалася програма відновлення «Зміцнені» – ініціатива, що покликана підтримати кожного, хто потребує реабілітації. Реабілітація є невід’ємною частиною повернення до повноцінного життя після травм, захворювань, операцій чи ампутацій. В ...;https://t.me/bucha_city/42706
@bucha_city;2026-01-03 09:45;👐 Реабілітація;У Центрі життєстійкості відкрито запис до груп психологічної підтримки. Тут працюють фахівці, які допомагають відновлювати внутрішній баланс, знаходити опору та розвивати життєстійкість. Групи і програм, що працюють для різних вікових категорій та по...;https://t.me/bucha_city/42685
@bucha_city;2026-01-02 14:17;🏗️ Інфраструктура;🩺 В Україні стартувала програма «Скринінг здоров’я» для людей від 40 років. Програма допомагає виявляти ризики хвороб на ранніх стадіях, або запобігати їх розвитку. Сервіс доступний через «Дію» без черг і зайвих документів. Для тих, хто не користуєть...;https://t.me/bucha_city/42666
@bucha_city;2026-01-02 09:16;🤝 Загальна безбар'єрність;👩‍🍼З 1 січня 2026 року в Україні збільшили дитячі виплати: 50 тисяч гривень можна отримати на першу та кожну наступну дитину. Про це повідомила перша заступниця міністра соціальної політики сім’ї та єдності України Людмила Шемелинець. Для оформлення ...;https://t.me/bucha_city/42650
@bilohorodka_official;2026-09-09 12:06;👐 Реабілітація;🫂 Підтримка мешканців Білогородської громади, які потребують додаткової уваги 📦 У понеділок, 7 вересня, у селі Білогородка відбулася видача продуктових наборів для наших жителів, осіб з інвалідністю I та II груп. Така допомога є важливою підтримкою д...;https://t.me/bilohorodka_official/16107
@bilohorodka_official;2026-09-04 08:33;👐 Реабілітація;🫂 Підтримка людей – важлива частина соціальної роботи Білогородської громади У селі Лука відбулася видача продуктових наборів для мешканців пільгових та вразливих категорій. 🫶 У непростий час така допомога – це турбота, увага й підтримка людей та род...;https://t.me/bilohorodka_official/16010
@bilohorodka_official;2026-09-01 15:14;⚽ Спорт;🏃‍♀️🇺🇦 Бігли не за результатом – бігли, щоб пам’ятати У суботу, 29 серпня, у День пам’яті загиблих Захисників і Захисниць України, у Білогородській громаді відбувся Всеукраїнський патріотичний забіг «Шаную воїнів, біжу за Героїв України». 🏁 Цьогоріч ...;https://t.me/bilohorodka_official/15939
@bilohorodka_official;2026-08-15 09:05;⚽ Спорт;🔹 Гостомельська територіальна громада. Селищна військова адміністрація та Київський обласний відокремлений підрозділ ГО «Всеукраїнське об’єднання “Ветеранський корпус”» [підписали](https://www.facebook.com/hostomel.ukraine/posts/pfbid0YmePvLJmU2kcipa...;https://t.me/bilohorodka_official/15555
@bilohorodka_official;2026-08-12 08:35;⚽ Спорт;🤝 Сильні справи починаються з об’єднання зусиль Білогородська сільська рада уклала меморандум про співпрацю з Благодійною організацією «БФ «СПЛАВ». 💬 Білогородський сільський голова [Антон Овсієнко](https://t.me/anton_ovsiienko) разом із представнико...;https://t.me/bilohorodka_official/15529
@bilohorodka_official;2026-08-09 06:35;👐 Реабілітація;🕯 Знову сум і скорбота охоплюють Білогородську громаду. Завтра, 10 серпня о 10:00, у селі Музичі відбудеться церемонія прощання з відданим Захисником України Дмитром Мироновим. Дмитро – уродженець Рівненщини. Усе своє юнацтво провів там, закінчив шко...;https://t.me/bilohorodka_official/15473
@bilohorodka_official;2026-08-03 12:01;👐 Реабілітація;🕯 Шануємо наших Захисників, які назавжди в історії Білогородської громади Сьогодні, 3 серпня, День пам’яті Героя – Володимира Дереви. Минуло 2 роки відтоді, як під час виконання бойового завдання на Куп’янському напрямі загинув Володимир Дерева – вої...;https://t.me/bilohorodka_official/15370
@bilohorodka_official;2026-07-27 15:26;🏥 Медицина;👩‍⚕️👨‍⚕️ Є люди, до яких ми звертаємося у найрізніші моменти життя – коли хворіє дитина, коли потрібна порада, коли тривожно за рідних або коли важливо просто знати, що поруч є фахівець. Сьогодні вітаємо саме таких людей – [медичних працівників Білог...;https://t.me/bilohorodka_official/15253
@bilohorodka_official;2026-07-27 10:05;👐 Реабілітація;Цих людей ви можете знати з наших дописів 💙💛 Тепер вони – обличчя соціальної інформаційної кампанії [«Втрата кінцівки – не втрата активного життя»](https://bilohorodka-rada.gov.ua/msor-ukraina-16-27-39-01-07-2026/). 🦿 Ольга Бенда – ветеранка, капітан...;https://t.me/bilohorodka_official/15252
@bilohorodka_official;2026-07-21 09:05;👐 Реабілітація;⚽️ Більше, ніж футбол. Більше, ніж турнір. Так, цими вихідними, у Білогородці відбувся Кубок з ампфутболу пам’яті загиблих спортсменів-захисників України [«Bilohorodka Cup-2026»](https://t.me/bilohorodka_official/15087). 🦾 Це були емоції, сила, підтр...;https://t.me/bilohorodka_official/15142
@bilohorodka_official;2026-07-18 17:40;⚽ Спорт | 👐 Реабілітація;⚽️🦾 Сьогодні у Білогородці футбол був значно більшим, ніж просто гра. На полі манежу стадіону «Колос» відбувся Кубок з ампфутболу пам’яті загиблих спортсменів-захисників України[ «Bilohorodka Cup-2026»](https://www.facebook.com/share/p/1DLXszthcH/). ...;https://t.me/bilohorodka_official/15087
@bilohorodka_official;2026-07-17 09:20;🤝 Загальна безбар'єрність;🌿 Запрошуємо туристичний бізнес Білогородської громади долучитися до національної програми «Подорож до себе. Шляхи відновлення» Державне агентство розвитку туризму України продовжує реалізацію національної програми «Подорож до себе. Шляхи відновлення...;https://t.me/bilohorodka_official/15073
@bilohorodka_official;2026-07-08 15:36;🏗️ Інфраструктура;Здоров’я не варто відкладати «на потім». Сьогодні пройшов «Скринінг здоров’я 40+» у нашій Білогородській амбулаторії загальної практики – сімейної медицини. І головне – усі необхідні послуги можна отримати прямо тут, у Білогородській громаді. Важливо...;https://t.me/bilohorodka_official/14949
@bilohorodka_official;2026-07-04 12:05;👐 Реабілітація;🤝 Нові можливості для жінок Білогородської громади Центр надання соціальних послуг Білогородської сільської ради та Центр життєстійкості Білогородської громади розпочали співпрацю з Кар'єрним та бізнес-хабом «ВОНА» — проєктом UNFPA, Фонду ООН у галуз...;https://t.me/bilohorodka_official/14905
@bilohorodka_official;2026-07-01 13:10;👐 Реабілітація;Понад 100 тисяч українців зазнали ампутацій за чотири роки повномасштабної війни Багато хто з них досі не знає, які можливості відкриває сучасне протезування – і де його отримати. Саме тому МСОР Україна та Білогородська громада запустили спільну соці...;https://t.me/bilohorodka_official/14863
@bilohorodka_official;2026-06-24 11:01;⚽ Спорт;🦿🥈 Ветеран війни з Білогородської громади здобув срібло на всеукраїнських змаганнях! 🌊 Цими вихідними, 19-21 червня, в Одесі відбулися Всеукраїнські спортивні ветеранські змагання «НА ХВИЛІ 2.0», які об’єднали ветеранів війни з різних куточків Україн...;https://t.me/bilohorodka_official/14718
@bilohorodka_official;2026-06-20 16:32;⚽ Спорт;💙💛 Сьогодні в Музичах було по-особливому тепло. Не лише через літнє сонце, а через людей, які зібралися разом – ветеранів, їхніх рідних, дітей і всіх, для кого підтримка має справжнє значення. Приємно, що саме Білогородська громада першою на Київщині...;https://t.me/bilohorodka_official/14653
@bilohorodka_official;2026-06-20 06:45;⚽ Спорт;🎣 Спортивна риболовля для ветеранів та їхніх родин у Музичах вже розпочалася! На учасників чекає тепла атмосфера, відпочинок біля озера, риболовля, спілкування, активності для дітей та смачні страви. Чекаємо на всіх – долучайтеся до нашого спільного ...;https://t.me/bilohorodka_official/14642
@bilohorodka_official;2026-06-19 15:01;⚽ Спорт;🎣 Запрошуємо на активний відпочинок для ветеранів Білогородської громади та їхніх родин Білогородська сільська рада запрошує ветеранів війни, діючих та звільнених військовослужбовців, їхні родини, а також родини загиблих Захисників і Захисниць Україн...;https://t.me/bilohorodka_official/14639
@bilohorodka_official;2026-06-16 15:42;⚽ Спорт | 🏥 Медицина;Підтримка ветеранів, військовослужбовців та їхніх родин має бути зрозумілою, доступною і реальною. Саме для цього важливо зустрічатися, говорити напряму і чути одне одного. Сьогодні у Будинку культури села Білогородка відбувся інформаційно-просвітниц...;https://t.me/bilohorodka_official/14588
@bilohorodka_official;2026-06-13 15:06;⚽ Спорт | 🏥 Медицина;🇺🇦 Підтримка ветеранів, військовослужбовців та їхніх родин починається з уваги, діалогу і конкретних можливостей Білогородська сільська рада запрошує на інформаційно-просвітницький захід __«Разом для ветеранів та їх родин: можливості, підтримка, розв...;https://t.me/bilohorodka_official/14565
@bilohorodka_official;2026-06-10 12:06;👐 Реабілітація;⛺️ Запрошуємо дітей та підлітків до участі у «Блогер Кемпі»! 📅 Коли: 23 липня - 1 серпня 📍 Де: Закарпаття ⏳ Тривалість зміни: 10 днів «Блогер Кемп» – це унікальна можливість для дітей не лише відпочити у безпечному середовищі, а й отримати нові знанн...;https://t.me/bilohorodka_official/14509
@bilohorodka_official;2026-06-10 08:01;🤝 Загальна безбар'єрність;💡 Ліцеїсти Білогородської громади долучилися до конференції «Освіта нової України 2.0» у Києві Учні ОЗО «Білогородський ліцей №1» – Ліна Крайчук, Злата Черкес, Андрій Савенков та Кіра Морозюк разом із педагогом Наталією Костюченко взяли участь у масш...;https://t.me/bilohorodka_official/14502
@bilohorodka_official;2026-05-28 12:10;👐 Реабілітація;❤️‍🩹 Вісім родин з Білогородської громади отримають грошову допомогу від Білогородської сільської ради на відновлення власних домогосподарств, що зазнали пошкоджень та руйнувань внаслідок ворожої атаки на Київщину, у неділю 24 травня. Сьогодні, 28 тр...;https://t.me/bilohorodka_official/14267
@bilohorodka_official;2026-05-27 12:37;👐 Реабілітація;♿️ У Білогородській громаді відбувся інформаційно–просвітницький захід у межах Національного тижня безбар’єрності Фахівці Центру життєстійкості та Центру надання соціальних послуг Білогородської громади провели для старшокласників Святопетрівського а...;https://t.me/bilohorodka_official/14241
@bilohorodka_official;2026-05-25 18:01;🏥 Медицина;🇺🇦🇫🇷 Партнерство вимірюється не словами, а кроками й вчинками. Сьогодні до Білогородської громади завітав добрий друг України – мер нашого міста-партнера Bures-sur-Yvette (Франція) Жан-Франсуа Віж’є. До цього ми спілкувалися лише онлайн, а сьогодні в...;https://t.me/bilohorodka_official/14199
@bilohorodka_official;2026-05-20 07:21;👐 Реабілітація;🕯 Ще одна важка і непоправна втрата для Білогородської громади. Завтра, 21 травня о 14:00, у селі Білогородка відбудеться церемонія прощання з відданим Захисником України Дмитром Мовчаном. Дмитро – уродженець міста Києва. Усе своє юнацтво прожив у ст...;https://t.me/bilohorodka_official/14122
@bilohorodka_official;2026-05-15 15:06;🤝 Загальна безбар'єрність;🇺🇦 Українці отримають гроші від держави до Дня Незалежності, – [Кабмін](https://www.kmu.gov.ua/npas/noi-zakonamy-ukrainertvy-natsystskykh-peresliduvan-u-2026-rotsi-i-602?fbclid=IwY2xjawRyuWdleHRuA2FlbQIxMABicmlkETFrSUJSZDBVYTcxV1ZvVkNzc3J0YwZhcHBfaWQ...;https://t.me/bilohorodka_official/14022
@bilohorodka_official;2026-05-15 10:01;👐 Реабілітація;💙 З Днем сім’ї! Сьогодні колектив Центру життєстійкості Білогородської громади щиро вітає всі українські родини зі святом 👨‍👩‍👧‍👦 У найважчі моменти саме сім’я стає нашою опорою, місцем сили, тепла та підтримки. І для нас сім’я – це не лише рідні люд...;https://t.me/bilohorodka_official/14019
@bilohorodka_official;2026-05-13 16:02;👐 Реабілітація;🆘 Друзі, 24-річному Богдану з Білогородки потрібна термінова операція на мозку. Родина має три (!) останні дні, аби зібрати 9000 євро на лікування, яке може врятувати йому життя. До нас звернулася родина Людмили Заволоки – мешканки села Білогородка. ...;https://t.me/bilohorodka_official/13974
@bilohorodka_official;2026-05-12 11:27;🤝 Загальна безбар'єрність;📊 Понад 50 тисяч користувачів уже перевірили свої знання про безбар’єрність за допомогою «Цифрограма із безбар’єрності» на Дія.Освіта, – [Мінрозвитку](https://t.me/MinDevUA/15398). 📝 Тест допомагає оцінити рівень знань у сфері доступності, інклюзивно...;https://t.me/bilohorodka_official/13960
@bilohorodka_official;2026-05-12 08:10;⚽ Спорт;🥉 Маємо ще один привід для гордості за Білогородську громаду! Наш ветеран та фахівець із супроводу ветеранів війни й демобілізованих осіб Михайло Мельник, який працює у [Центрі надання соціальних послуг Білогородської сільської ради](https://www.face...;https://t.me/bilohorodka_official/13956
@bilohorodka_official;2026-05-05 16:06;👐 Реабілітація;🆘 Друзі, 24-річному Богдану з Білогородки потрібна термінова операція на мозку. Родина має лише кілька днів, аби зібрати 9000 євро на лікування, яке може врятувати йому життя. До нас звернулася родина Людмили Заволоки – мешканки села Білогородка. Баг...;https://t.me/bilohorodka_official/13864
@bilohorodka_official;2026-04-30 15:21;👐 Реабілітація;🇺🇦 Підтримка ветеранів та нові можливості для самореалізації – у МСОР Україна відбувся [ветеранський форум](https://www.facebook.com/share/p/1KeGZED5tN/?mibextid=wwXIfr)[,](https://www.facebook.com/share/p/1KeGZED5tN/?mibextid=wwXIfr) присвячений роз...;https://t.me/bilohorodka_official/13804
@bilohorodka_official;2026-04-26 10:05;👐 Реабілітація;Новини громад Київщини 🔹 Фастівська територіальна громада. У педіатричному відділенні Фастівської лікарні за підтримки французьких партнерів [оновлено](https://www.facebook.com/radafastiv/posts/pfbid0GohXYDmv8UX9S3YK7GCuTRwuod7DxdVSxc7A3KH8NXsPokjEBr...;https://t.me/bilohorodka_official/13733
@bilohorodka_official;2026-04-21 07:41;👐 Реабілітація;🦾🇺🇦 Відновлення ветеранів і повернення їх до повноцінного мирного життя – наш ключовий пріоритет сьогодні. Підписав ще один важливий документ – меморандум про співпрацю з [МСОР Україна,](https://www.facebook.com/share/v/1BCGbqVaNC/?mibextid=wwXIfr) м...;https://t.me/bilohorodka_official/13678
@bilohorodka_official;2026-04-20 08:35;🏥 Медицина;🩺 Цими вихідними у Білогородській громаді в селі Лука відбувся виїзний прийом у межах Всеукраїнського благодійного проєкту «Безкоштовні медичні консультації». 🚑 Мобільна команда лікарів продовжує серію виїздів у громаді – це вже сьоме приймання, орга...;https://t.me/bilohorodka_official/13664
@bilohorodka_official;2026-04-10 15:06;👐 Реабілітація;🇺🇦 У Будинку культури села Білогородка відбувся важливий ветеранський форум «СВІЙ ДО СВОГО». Захід об’єднав родини ветеранів, членів Білогородського ДФТГ, діючих військовослужбовців, а також фахівців, які працюють із наслідками війни. 💬 Учасники мали...;https://t.me/bilohorodka_official/13553
@bilohorodka_official;2026-04-06 13:36;🚌 Транспорт;🚌 Увага! Зміни у графіку руху маршрутів всередині громади №1 та №2 Шановні мешканці Білогородської громади! 🚏 Інформуємо, що з 6 квітня 2026 року змінюється розклад руху автобусних маршрутів №1 та №2 всередині громади, – став більш гнучкішим. Просимо...;https://t.me/bilohorodka_official/13476
@bilohorodka_official;2026-04-01 15:16;👐 Реабілітація;🦾🇺🇦 Перші ветерани з Білогородської громади вже на фінальній стадії отримання сучасного протезування. Це означає просту, але дуже важливу річ – вони знову стають на ноги і повертаються до повноцінного життя. Сьогодні ще дві мешканки громади [пройшли ...;https://t.me/bilohorodka_official/13412
@bilohorodka_official;2026-03-25 11:36;👐 Реабілітація;🕯 Знову важка і непоправна втрата для Білогородської громади. Завтра, 26 березня об 11:00 у селі Білогородка відбудеться церемонія прощання з відданим Захисником України Ігорем Федоренком. Ігор – корінний мешканець села Білогородка. Усе своє юнацьке ...;https://t.me/bilohorodka_official/13312
@bilohorodka_official;2026-03-21 11:51;👐 Реабілітація;💙 На Київщині діють 26 Центрів життєстійкості У Київській області працюють 26 спеціальних безбар’єрних просторів, створених у межах Всеукраїнської програми ментального здоров’я «Ти як?». Тут жителі Київщини можуть абсолютно безкоштовно отримати необх...;https://t.me/bilohorodka_official/13263
@bilohorodka_official;2026-03-19 16:21;👐 Реабілітація;🫀 Майже 100 жителів Білогородської громади отримали консультації фахівців Інституту Амосова. Вперше – безпосередньо у громаді. Сьогодні, 19 березня, у КНП «Центр первинної медико-санітарної допомоги» Білогородської сільської ради відбувся перший виїз...;https://t.me/bilohorodka_official/13237
@bilohorodka_official;2026-03-18 13:31;🏗️ Інфраструктура;💥 У класі Захисту України ОЗО «Білогородський академічний ліцей №1» проведено спільні штабні тренування за участю фахівців Бучанського РУ цивільного захисту та превентивної діяльності ГУ ДСНС України у Київській області. 🌊 Під час навчань змодельован...;https://t.me/bilohorodka_official/13223
@bilohorodka_official;2026-03-10 08:20;👐 Реабілітація;🦾🇺🇦 Ще троє ветеранів з Білогородської громади отримають протезування у співпраці з МСОР Україна. Цієї п’ятниці наші ветерани пройшли первинну консультацію у центрі – Олександр Харченко, Юрій Павлюк та Микола Лапань. 🦿 Олександр Харченко – мешканець ...;https://t.me/bilohorodka_official/13073
@bilohorodka_official;2026-03-08 16:31;⚽ Спорт;Новини громад Київщини 🔹 Бучанська територіальна громада. Представники громади [провели](https://www.facebook.com/bucharada.gov.ua/posts/pfbid075AXyacRf2cjaeHpLUnLMwHGnCrRhr5UHNgegDzvTn3vs1W9hCWzmgG96CKqLxobl?locale=ru_RU) зустріч з міжнародним лідер...;https://t.me/bilohorodka_official/13053
@bilohorodka_official;2026-03-06 08:21;👐 Реабілітація;🦿 Два тижні тому — на кріслі. Сьогодні — поверхами вгору, без ліфта «Навіть якщо є 1% на життя — його треба витягувати до 100». Репортаж з центру протезування, де хлопці Білогородської громади повертають не просто ходу — а мрії. Один хоче на Говерлу....;https://t.me/bilohorodka_official/13023
@bilohorodka_official;2026-03-02 11:07;🏥 Медицина;🩺 У Білогородській громаді відбулося [четверте виїзне медичне приймання](https://www.facebook.com/share/p/1BdcgipmTg/) для жителів села Музичі. У суботу, 28 лютого, у приміщенні Будинку культури села Музичі (БК «Муза») мешканці Музичанського старости...;https://t.me/bilohorodka_official/12978
@bilohorodka_official;2026-03-01 08:21;👐 Реабілітація;🇺🇦 10 ветеранів з Білогородської громади отримають можливість безкоштовного протезування завдяки співпраці з МСОР Україна. Перші кроки вже зроблено. У п’ятницю, 26 лютого, відбулася [первинна консультація](https://www.facebook.com/share/p/1AR8FdW1yn/...;https://t.me/bilohorodka_official/12961
@bilohorodka_official;2026-02-26 14:01;👐 Реабілітація;🖋 Понад 9 млн грн – на посилення обороноздатності України. У 2026 році продовжуємо підтримувати сили оборони, безпекові служби та жителів громади. Цього тижня відбулися пленарне засідання позачергової 95-ї сесії та засідання виконавчого комітету Біло...;https://t.me/bilohorodka_official/12943
@bilohorodka_official;2026-02-23 07:16;⚽ Спорт;Впродовж минулої доби (22.02.2026 року), з самого ранку для ліквідації наслідків масованого обстрілу, були задіяні всі служби. Оперативним черговим прийнято 11 звернень про пошкоджене майно. Патрульними Громадського захисту було забезпечено цілодобов...;https://t.me/bilohorodka_official/12887
@bilohorodka_official;2026-02-22 16:44;⚽ Спорт;👪 Попри ворожі обстріли нам вдалося створити справжнє сімейне свято для ветеранів Київщини та їхніх родин – тепле, щире й наповнене радістю спільного відпочинку. Сьогодні, 22 лютого, на озері в селі Музичі відбулися змагання зі спортивної риболовлі с...;https://t.me/bilohorodka_official/12876
@bilohorodka_official;2026-02-20 13:25;🏗️ Інфраструктура;Соціальні підрозділи Білогородської сільської ради [переїхали](https://www.facebook.com/share/p/182RJpi72S/) до нового приміщення – КНП «Центр первинної медико-санітарної допомоги» у селі Білогородка. 🏢 Відтепер замість напівпідвальних кабінетів прац...;https://t.me/bilohorodka_official/12842
@bilohorodka_official;2026-02-16 13:20;🏥 Медицина;🩺 У Білогородській громаді відбулося перше виїзне медичне приймання для жителів [села Святопетрівське](https://www.facebook.com/share/p/1B6nwtGS3y/) У суботу, 14 лютого, у приміщенні клубного закладу мешканці мали можливість безкоштовно пройти компле...;https://t.me/bilohorodka_official/12802
@bilohorodka_official;2026-02-13 12:42;🏥 Медицина;🩺 Посилюємо медичну підтримку жителів Білогородської громади! 🙌 Як обіцяли, уже завтра, 14 лютого, з 09:30 відбудеться перше виїзне приймання для жителів громади у селі Святопетрівське. Медики працюватимуть у приміщенні клубного закладу, аби кожен ох...;https://t.me/bilohorodka_official/12770
@bilohorodka_official;2026-02-04 13:55;👐 Реабілітація | 🏗️ Інфраструктура;Упродовж цього тижня в Білогородській громаді триває системна робота із забезпечення та підтримки наших жителів унаслідок тривалих відключень електроенергії та численних російських ударів по енергетичній інфраструктурі. 🤲 Особлива увага приділяється ...;https://t.me/bilohorodka_official/12631
@bilohorodka_official;2026-01-28 16:10;👐 Реабілітація;Важкий день для Білогородської громади. Пошуково-рятувальні роботи у пошкодженому будинку ЖК «Білий шоколад» [завершено](https://www.facebook.com/share/p/1G85tqHVvo/). На жаль, маємо двох загиблих. Тіла загиблих направлено на судово-медичну експертиз...;https://t.me/bilohorodka_official/12572
@bilohorodka_official;2026-01-28 09:23;👐 Реабілітація;Оновлена інформація станом на 11:20. На місці ворожої атаки у Білогородській громаді тривають слідчо-оперативні дії. Пожежу, що виникла внаслідок влучання ворожого дрона у багатоповерховий житловий будинок, повністю ліквідовано. Продовжують роботу вс...;https://t.me/bilohorodka_official/12568
@bilohorodka_official;2026-01-28 03:08;👐 Реабілітація;У Білогородській громаді – трагічна подія. Внаслідок ворожої атаки зафіксовано влучання ворожого дрона. Пошкоджено багатоповерховий житловий будинок, виникла пожежа, яка в процесі ліквідації. Оперативна інформація станом на 05:00. На жаль, внаслідок ...;https://t.me/bilohorodka_official/12563
@bilohorodka_official;2026-01-25 11:16;🚌 Транспорт;Новини громад Київщини 🔹Бучанська територіальна громада. Громада [отримала](https://www.facebook.com/bucharada.gov.ua/posts/pfbid0348miw3F9MnjqkGF6WS8GRiDiET9K3mt6M3TPexvvBVQsiXgQtk3xnpre6e9Li48Yl?locale=ru_RU) 10 потужних генераторів від Товариства ...;https://t.me/bilohorodka_official/12534
@bilohorodka_official;2026-01-21 17:39;🚌 Транспорт;🚌 Стосовно підняття цін на перевезення пасажирів в межах Білогородської громади та міста Київ. У зв’язку з підвищенням цін на пасажирські перевезення в межах Білогородської громади та міста Києва протягом останніх днів до Білогородської сільської рад...;https://t.me/bilohorodka_official/12470
@bilohorodka_official;2026-01-19 17:20;🏗️ Інфраструктура;Ця зима — одне з найскладніших випробувань для наших громад. Морози, постійні атаки ворога по енергетичній інфраструктурі, аварійні та екстрені відключення електроенергії щодня створюють нові виклики. У таких умовах головне — не чекати, поки ситуація...;https://t.me/bilohorodka_official/12447
@bilohorodka_official;2026-01-19 15:37;🤝 Загальна безбар'єрність;Провів оперативну нараду з керівниками структурних підрозділів Білогородської сільської ради, директорами комунальних підприємств, енергетиками та старостами старостинських округів. ⚡️ Обговорили поточну ситуацію з електропостачанням у Білогородській...;https://t.me/bilohorodka_official/12442
@bilohorodka_official;2026-01-10 13:01;👐 Реабілітація;🙌 Попри негоду та відключення світла, нам все ж вдалося створити свято для найцінніших мешканців Білогородської громади – наших діток. 🎭 Так, вчора, 9 січня, у Будинку культури села Білогогородка відбулося справжнє свято дитячої радості та віри в див...;https://t.me/bilohorodka_official/12317
@bmrada;2026-09-17 07:35;🤝 Загальна безбар'єрність;Родина — це не лише дім. Це безпека, турбота, підтримка й дорослі, які поруч у важливі моменти. 👫Більшість дітей, які сьогодні чекають на родину, старші 6 років, підлітки, брати й сестри, яких не можна розлучати, діти з інвалідністю — усім їм потрібн...;https://t.me/bmrada/25404
@bmrada;2026-09-03 07:42;🏗️ Інфраструктура;🇺🇦🇸🇪 Біла Церква приймала представників Королівства Швеції, які відвідали Україну для обміну досвідом у сфері соціального захисту. 🤝 Шведська делегація ознайомилася з наданням послуг людям похилого віку, маломобільним громадянам та внутрішньо переміщ...;https://t.me/bmrada/24917
@bmrada;2026-08-26 09:22;👐 Реабілітація;Відбулося засідання виконавчого комітету 25 серпня виконавчий комітет Білоцерківської міської ради розглянув понад 50 питань. 🔹 Продовжено роботу з надання допомоги жителям, чиє майно постраждало через збройну агресію рф. Розглянуто ще 6 заяв на допо...;https://t.me/bmrada/24610
@bmrada;2026-08-26 08:19;👐 Реабілітація;У Центрі адаптації та реабілітації учасників бойових дій говорили про підтримку ветеранів У Центрі адаптації та реабілітації учасників бойових дій, який очолює Руслан Бусько, відбувся захід за сприяння ГО «Перший український батальйон військових капе...;https://t.me/bmrada/24606
@bmrada;2026-08-11 12:17;🤝 Загальна безбар'єрність;Коротко про засідання виконавчого комітету 11 серпня 🔹 Погоджено надання компенсації (житлові ваучери номіналом 2 млн грн) для вирішення житлових питань шістьом внутрішньо переміщеним особам, які мають статус учасника бойових дій або особи з інвалідн...;https://t.me/bmrada/24294
@bmrada;2026-08-11 08:57;🤝 Загальна безбар'єрність;💙 Ця історія ще раз нагадує: іноді людині потрібно зовсім небагато — щоб хтось простягнув руку допомоги й не пройшов повз. «Проблема бездомності різко загострилася під час війни в Україні через внутрішню міграцію, руйнування житла та соціальну кризу....;https://t.me/bmrada/24285
@bmrada;2026-08-06 13:15;👐 Реабілітація;Шлях у реабілітації: триває впровадження моделі маршруту людини у Білоцерківській громаді ♿️➡️5 серпня у міській раді відбулася чергова робоча зустріч з метою обговорення та узгодження подальших дій в рамках проєкту «Шлях у реабілітації: від області ...;https://t.me/bmrada/24179
@bmrada;2026-07-01 10:10;🤝 Загальна безбар'єрність;Шановні архітектори, проєктанти, містобудівники, ветерани професії та всі, хто своєю працею формує простір нашої громади! Щиро вітаю вас із Днем архітектора України! Архітектура - це мистецтво і відповідальність водночас. Це вміння бачити майбутнє ще...;https://t.me/bmrada/23447
@bmrada;2026-07-01 06:34;👐 Реабілітація | 🤝 Загальна безбар'єрність;Якісна реабілітація має бути доступною для кожного, хто її потребує. Саме над цим сьогодні працюємо. Перевірив, як тривають роботи з модернізації реабілітаційного відділення та відділення відновлювального лікування у Білоцерківській громаді. У 2024 р...;https://t.me/bmrada/23429
@bmrada;2026-06-30 15:29;🤝 Загальна безбар'єрність;♿️ Безбар’єрність — це комфорт і рівні можливості для кожного! 30 червня відбулася зустріч із підприємцями, які працюють на вулиці Ярослава Мудрого. Саме тут реалізується Безбар’єрний маршрут у межах флагманського державного проєкту. 🤝 🏙Під час зустр...;https://t.me/bmrada/23422
@bmrada;2026-06-24 13:28;⚽ Спорт;♿️ Нагадуємо про заборону паркуватися на місцях для людей з інвалідністю Варто пам'ятати, що водії з інвалідністю або ті водії, які перевозять людей з інвалідністю, мають право на зупинку, стоянку або паркування своїх транспортних засобів на спеціаль...;https://t.me/bmrada/23290
@bmrada;2026-06-18 17:51;🤝 Загальна безбар'єрність;Ще кілька років тому важко було уявити, що під час повномасштабної війни в Україні говоритимуть не лише про оборону, а й про будівництво нових заводів, залучення інвестицій та розвиток виробництв. Сьогодні саме про це говорили у Білій Церкві. Мав чес...;https://t.me/bmrada/23176
@bmrada;2026-06-16 14:59;🏗️ Інфраструктура;🚶‍♀️🚴‍♂️🚍 Якою буде Біла Церква завтра — залежить від рішень, які ми ухвалюємо сьогодні Оновлюємо склад комісії з безпеки дорожнього руху та запрошуємо до участі представників громадських організацій Саме тут обговорюються питання, які впливатимуть н...;https://t.me/bmrada/23146
@bmrada;2026-06-12 07:26;👐 Реабілітація | 🏥 Медицина;🎖До уваги ветеранів та ветеранок 📘 Національна служба здоров’я України підготувала «Гід для ветеранів: простими словами про медичні гарантії 2026». 🔹 У посібнику зібрана актуальна інформація про гарантовані державою медичні послуги, маршрути отриманн...;https://t.me/bmrada/23064
@bmrada;2026-06-11 17:51;👐 Реабілітація;👧👦 Відділення фізичної та медичної реабілітації відкрили у Спеціалізованому обласному будинку дитини, що в Білій Церкві, 11 червня. 💙 Новий простір створено для дітей з інвалідністю від 0 до 18 років, а також для дітей раннього віку, які перебувають ...;https://t.me/bmrada/23061
@bmrada;2026-05-26 09:47;🤝 Загальна безбар'єрність;♿️ Безбар’єрний простір — це середовище, у якому кожна людина має рівний і комфортний доступ до послуг, інформації, транспорту та можливостей незалежно від віку, стану здоров’я чи життєвих обставин. 🇺🇦 В Україні діє Національна стратегія із створення...;https://t.me/bmrada/22734
@bmrada;2026-05-20 13:53;👐 Реабілітація | 🤝 Загальна безбар'єрність;🤝 У Білоцерківській міській раді підписали меморандум про співпрацю з ГО «Осіб з інвалідністю внаслідок війни «Разом сильні». Документ підписали секретар міської ради Володимир Вовкотруб та голова організації Роман Коваль. 📌 Мета співпраці — підтримк...;https://t.me/bmrada/22593
@bmrada;2026-05-19 11:29;👐 Реабілітація;🇺🇦🤝🇧🇪Представники Бельгійського агентства міжнародного співробітництва Enabel, БФ «Пацієнти України» та БФ «Protez Hub» 18 травня побували з робочим візитом у Білоцерківській громаді. 🏥 У межах візиту делегація ознайомилася з розвитком реабілітаційно...;https://t.me/bmrada/22561
@bmrada;2026-05-18 09:26;👐 Реабілітація;🕯 Сьогодні ми вшановуємо пам’ять жертв геноциду кримськотатарського народу - одного з найстрашніших злочинів совєтського тоталітарного режиму. У 1944 році цілий народ був оголошений «зрадником». Тисячі людей силоміць вивозили у товарних вагонах, розл...;https://t.me/bmrada/22532
@bmrada;2026-05-14 14:01;👐 Реабілітація;🤝 Сьогодні підписано Меморандум про співпрацю між Білоцерківською міською радою та Київським обласним відокремленим підрозділом ГО «Всеукраїнське об’єднання “Ветеранський корпус”». Я переконаний, що для всієї нашої громади підтримка ветеранів є одним...;https://t.me/bmrada/22415
@bmrada;2026-05-11 11:16;🚌 Транспорт | 👐 Реабілітація;🚕🚕У Білій Церкві розширили автопарк «Соціального таксі» — тепер послугу надають уже 6 спеціально обладнаних автомобілів. «Соціальне таксі» допомагає людям з інвалідністю та мешканцям, які пересуваються за допомогою технічних засобів реабілітації, без...;https://t.me/bmrada/22267
@bmrada;2026-04-29 13:32;👐 Реабілітація;🇺🇦Міністерство у справах ветеранів України реалізує низку медичних проєктів для реабілітації ветеранів війни та їхніх родин. 💪Йдеться не лише про лікування, а й про відновлення, підтримку та повернення до повноцінного життя. 🔗 Переглянути всі доступн...;https://t.me/bmrada/22064
@bmrada;2026-04-28 16:12;🚌 Транспорт;✅28 квітня відбулося засідання виконавчого комітету Білоцерківської міської ради, на якому було розглянуто більше 20 питань порядку денного. 🤝Затверджено два протоколи щодо надання одноразової матеріальної допомоги на загальну суму понад 3,1 млн грн ...;https://t.me/bmrada/22050
@bmrada;2026-04-28 11:58;👐 Реабілітація | 🤝 Загальна безбар'єрність;📢 Шановні мешканці Дружківської громади, які евакуювалися до Білоцерківської громади! Управління соціального захисту населення Дружківської міської нагадує що 29 квітня проводить прийом громадян у Центрі ВПО м. Біла Церква. 🏢 Адреса прийому: проспект...;https://t.me/bmrada/22043
@bmrada;2026-04-22 13:25;👐 Реабілітація;👉 🏥Створення інтегрованого маршруту підтримки для людей після реабілітації обговорили 21 квітня у Білій Церкві 🇺🇦🤝🇧🇪Разом із партнерами з БФ «Пацієнти України» та ініціативи TRUE, спільно з БФ «Protez Hub», за підтримки Бельгійського агентства з міжн...;https://t.me/bmrada/21906
@bmrada;2026-04-22 11:10;👐 Реабілітація;Із російського полону повернувся житель білоцерківської громади український Захисник Сидунець Юрій Анатолійович, який провів у нелюдських умовах 21 місяць, із яких 14 відбув у Сибіру. Від березня 2026 року фахівчиня із супроводу ветеранів та демобілі...;https://t.me/bmrada/21901
@bmrada;2026-04-20 17:37;⚽ Спорт;🏊‍♂️Перемоги наших спорстменів з плавання ✅️Білоцерківську громаду гідно представили вихованці навчальних закладів на ХХХІІІ Всеукраїнській спартакіаді «Повір у себе» серед дітей з інвалідністю, присвяченій 35-й річниці Незалежності України 🇺🇦 Змаган...;https://t.me/bmrada/21861
@bmrada;2026-04-20 13:33;🏗️ Інфраструктура;"🛴 Ще про самокати… 🌿 З настанням сезону активного використання електросамокатів — є важливий момент, про який варто знати 👇 👀 Якщо ви стали свідком: • 🚧 залишення електросамокатів на проїжджій частині дороги; • 🚶‍♂️ паркування в місцях, що заважають ...";https://t.me/bmrada/21858
@bmrada;2026-04-20 07:33;👐 Реабілітація | 🤝 Загальна безбар'єрність;📢 Шановні мешканці Дружківської громади, які евакуювалися до Білоцерківської громади! Управління соціального захисту населення Дружківської міської ради розширює можливості підтримки дружківчан та розпочинає особистий прийом громадян у Центрі ВПО м. ...;https://t.me/bmrada/21840
@bmrada;2026-04-09 10:27;🤝 Загальна безбар'єрність;Разом із громадами Київщини взяв участь у діалозі з Парламентом у межах Конгрес місцевих та регіональних влад при Президентові України. Це був важливий і змістовний діалог із народними депутатами — представниками профільних комітетів Верховної Ради. ...;https://t.me/bmrada/21618
@bmrada;2026-03-27 13:47;🚌 Транспорт | ⚽ Спорт | 👐 Реабілітація;🚌🚌Два мікроавтобуси «MERCEDEC» 2026 року випуску передали Білоцерківській громаді 26 березня від німецьких друзів - міст Люнебург, Брауншвайг та Благодійного фонду «Хоф Шлютер». ♿️Транспорт слугуватиме для потреб жителів нашої громади, які мають труд...;https://t.me/bmrada/21320
@bmrada;2026-03-11 14:23;👐 Реабілітація;У межах реалізації Всеукраїнської програми ментального здоров’я «Ти як?», з ініціативи Першої леді Олени Зеленської, [розроблено та презентовано комплексний інфобокс щодо взаємодії з людьми, які пережили полон, тортури, ізоляцію, сексуальне насильств...;https://t.me/bmrada/20977
@bmrada;2026-02-27 13:31;🏗️ Інфраструктура;27 лютого відбулося засідання Ради безбар’єрності Білоцерківської міської ради. 👩‍🦯Під час засідання затвердили концепцію безбар’єрного маршруту вулицею Ярослава Мудрого — від площі Соборної до міської лікарні №1. Маршрут має поєднати ключові об’єкти...;https://t.me/bmrada/20697
@bmrada;2026-02-27 10:10;👐 Реабілітація | 🏥 Медицина;Допоможіть зробити інформацію про реабілітаційні послуги доступнішою! Чи знаєте ви, які реабілітаційні та супутні послуги доступні у нашій громаді? Поділіться своєю думкою та допоможіть покращити інформування жителів нашої громади Пройдіть коротке оп...;https://t.me/bmrada/20691
@bmrada;2026-02-19 14:45;🏗️ Інфраструктура;🔬У Білій Церкві можна пройти «Скринінг здоров’я 40+» — Національну програму для людей віком від 40 років 🩸Обстеження допоможе вчасно виявити ризики серцево-судинних захворювань, цукрового діабету та порушень ментального здоров’я 📍 Зокрема пройти скри...;https://t.me/bmrada/20547
@bmrada;2026-02-11 14:14;👐 Реабілітація;⚡️Дорослі і діти можуть отримати безоплатну реабілітацію внаслідок травми, поранення, операції чи тяжкої хвороби. До реабілітації входять: відновлення руху, мовлення, повсякденних навичок, психологічна підтримка, навчання родичів догляду — за індивід...;https://t.me/bmrada/20421
@bmrada;2026-02-04 08:13;⚽ Спорт;💪🇺🇦«Ветеранський простір» у Білоцерківській громаді — це не лише про допомогу й консультації. Це ще й про живі емоції, рух, культуру та відновлення для ветеранів, ветеранок і родин загиблих Захисників і Захисниць України, а також членів родин воїнів,...;https://t.me/bmrada/20242
@bmrada;2026-02-03 12:50;🏗️ Інфраструктура;На Київщині триває передача «Пакунків тепла» громадам області в межах програми адресної підтримки від державних компаній. Це допомога для людей, які через складні життєві обставини, стан здоров’я або вік особливо гостро відчувають наслідки тривалих в...;https://t.me/bmrada/20216
@bmrada;2026-01-29 16:03;👐 Реабілітація;Державні послуги для ветеранів, ветеранок та їхніх сімей — у кілька кліків. 📌 Питання підтримки, пільг і можливостей є актуальними. 💼 На платформі Ветеран Pro зібрана перевірена інформація про державні сервіси: лікування й реабілітацію, фінансову під...;https://t.me/bmrada/20136
@bmrada;2026-01-29 08:33;👐 Реабілітація;🧩🎨 27 січня у Білоцерківському центрі соціальних послуг та реабілітації «Шанс» презентували ще один новий простір надання послуг для груп денного догляду - сучасного, затишного та наповненого можливостями для розвитку дітей і молоді з інвалідністю 🤝 ...;https://t.me/bmrada/20130
@bmrada;2026-01-22 20:15;🏗️ Інфраструктура;Сьогодні Білоцерківська громада отримала перші 4 автобуси в межах партнерства Київської області з регіоном Іль-де-Франс. Для Білої Церкви це принципово важливо. Місто є єдиним на Київщині, де функціонував до критичної енергетичної кризи електричний г...;https://t.me/bmrada/20006
@bmrada;2026-01-21 11:08;🚌 Транспорт | 👐 Реабілітація | 🏗️ Інфраструктура;🚕 Транспортна послуга «Соціальне таксі» в новому форматі покликана зробити повсякденне життя маломобільних мешканців громади зручнішим і безпечнішим У нашій громаді вже доступна послуга «Соціальне таксі» для дорослих та дітей з інвалідністю, а також ...;https://t.me/bmrada/19985
@bmrada;2026-01-17 10:04;👐 Реабілітація;Державні послуги для ветеранів, ветеранок та їхніх сімей — у кілька кліків. 📌 Питання підтримки, пільг і можливостей є актуальними. 💼 На платформі Ветеран Pro зібрана перевірена інформація про державні сервіси: лікування й реабілітацію, фінансову під...;https://t.me/bmrada/19880
@bmrada;2026-01-13 17:15;🚌 Транспорт;"Відбулося засідання виконавчого комітету. Розглянули 23 питання. ✅ Основний фокус — соціальна підтримка жителів громади: ▪️затверджено Положення про послугу «Соціальне таксі». Визначено хто та як зможе скористатися послугою; ▪️ прийняті рішення, що с...";https://t.me/bmrada/19803
@boryspil_officially;2026-09-01 14:51;👐 Реабілітація;🫂 Після російської атаки на Київщину команда Центру життєстійкості Бориспільської громади працює разом з іншими службами та підтримує людей, які опинилися в епіцентрі обстрілів. Фахівці надають психологічну допомогу, а також організували доставку вод...;https://t.me/boryspil_officially/5923
@boryspil_officially;2026-06-29 09:12;⚽ Спорт | 🤝 Загальна безбар'єрність;📢 Управління соціальної та ветеранської політики Бориспільської міської ради інформує 🇺🇦 Міністерство у справах ветеранів України разом із Товариством Червоного Хреста України реалізують спільний проект щодо надання підтримки ветеранам та ветеранкам,...;https://t.me/boryspil_officially/5422
@boryspil_officially;2026-05-24 15:20;⚽ Спорт;Бориспіль сьогодні — столиця сили! 💪🔥 На одному майданчику — турнір найсильніших богатирів України Interatletika Power Cup та ІІ етап Кубка України з богатирського багатоборства серед ветеранів і ветеранок. Сила. Витривалість. Характер. Незламність. ...;https://t.me/boryspil_officially/5197
@boryspil_officially;2026-05-14 05:58;⚽ Спорт;Запрошуємо до участі у турнірі з петанку ветеранів війни, учасників бойових дій та всіх бажаючих спробувати свої сили у дружній та спортивній атмосфері. 📅 Дата проведення: 17 травня 2026 року 🕓 Початок: 16:00 📍 Місце проведення: м. Бориспіль, вул. Ми...;https://t.me/boryspil_officially/5105
@boryspil_officially;2026-05-05 08:33;👐 Реабілітація;"__""Він був найкращим і таких більше не буде...""__ 💔 У бою за Україну, її свободу, цілісність і незалежність, залишаючись вірним військовій присязі, на Донеччині загинув наш земляк, відважний захисник, справжній патріот, випускник Бориспільської загал...";https://t.me/boryspil_officially/5026
@boryspil_officially;2026-04-25 05:00;👐 Реабілітація;Пам’ятаємо…🕯🇺🇦 Сьогодні минає рік, як до небесного війська приєднався наш відважний захисник, справжній патріот України, випускник Іванківської загальноосвітньої школи І-ІІІ ступенів (нині Іванківський ліцей), лейтенант, командир взводу загону спеціа...;https://t.me/boryspil_officially/4966
@boryspil_officially;2026-04-11 11:18;👐 Реабілітація;‼️Передвеликодній обмін: 182 українці звільнено з полону Сьогодні, напередодні світлого свята Великодня, відбувся 72-й обмін полоненими. У результаті перемовного процесу, Координаційним штабом за дорученням Президента України, з російської неволі пов...;https://t.me/boryspil_officially/4832
@boryspil_officially;2026-04-11 04:58;👐 Реабілітація;Пам’ятаємо…🕯🇺🇦 Сьогодні минають три роки, як до небесного війська приєднався наш відважний захисник, справжній патріот України, солдат, військовослужбовець Збройних сил України, 46-річний Руслан ПОЛОВНІКОВ з с. Іванків 🕯🇺🇦 Спокійний, щирий, турботлив...;https://t.me/boryspil_officially/4820
@boryspil_officially;2026-04-07 13:29;👐 Реабілітація;"❤️ Кошик добра та вдячності: освітяни вручили великодні кошики нашим захисникам, які перебувають на лікуванні та реабілітації __""Не втомлюємося ДЯКУВАТИ нашим воїнам та щиро вітаємо їх із Великоднем!""__ - зазначили в Управлінні освіти і науки";https://t.me/boryspil_officially/4793
@boryspil_officially;2026-03-23 18:25;👐 Реабілітація | 🤝 Загальна безбар'єрність;🩺 Зубопротезування та стоматологічна допомога військовослужбовцям і ветеранам російсько-української війни КНП «Бориспільський стоматологічний центр» продовжує надавати безоплатні стоматологічні послуги військовослужбовцям і ветеранам російсько-україн...;https://t.me/boryspil_officially/4659
@boryspil_officially;2026-03-23 11:13;👐 Реабілітація | 🤝 Загальна безбар'єрність;📢 Зубопротезування та стоматологічна допомога для постраждалих внаслідок Чорнобильської катастрофи стала безоплатною Кабінет Міністрів України ухвалив рішення щодо розширення доступу до безоплатних послуг із зубопротезування та планової стоматологічн...;https://t.me/boryspil_officially/4654
@boryspil_officially;2026-03-20 13:37;⚽ Спорт;Сьогодні у приміщенні ветеранського простору відбулася зустріч депутата Верховної Ради України О.Федієнка, заступника Міністра у справах ветеранів Украіни Р.Приходька з ВЕТЕРАНАМИ російсько-української війни, їх родинами. Розмова була гострою,принцип...;https://t.me/boryspil_officially/4634
@boryspil_officially;2026-03-18 10:01;👐 Реабілітація;💔 __І знову невимовно важка, непоправна втрата спіткала нашу громаду…__ 🇺🇦 🕯 У бою за Україну, її свободу, цілісність і незалежність, залишаючись вірним військовій присязі, загинув наш відважний захисник, справжній патріот, випускник Бориспільської з...;https://t.me/boryspil_officially/4609
@boryspil_officially;2026-03-17 08:00;🏥 Медицина;💔 __Шановна громадо!..__ У бою за Україну, її свободу, цілісність і незалежність, залишаючись вірним військовій присязі, загинув наш відважний захисник, справжній патріот, старший солдат, інспектор прикордонної служби 2 категорії – навідник-оператор ...;https://t.me/boryspil_officially/4596
@boryspil_officially;2026-03-09 10:20;👐 Реабілітація;💔 З невимовним болем і сумом повідомляємо, що обірвалося життя нашого відважного захисника, справжнього патріота, випускника Любарецької загальноосвітньої школи (нині Любарецький ліцей), учасника бойових дій, ветерана війни 52-річного Віктора Симонен...;https://t.me/boryspil_officially/4531
@boryspil_officially;2026-02-24 10:21;🏥 Медицина;💔 Неможливо підібрати слова, аби виразити той біль, який точить серце кожного з нас, адже обірвалося життя нашого Героя-земляка, справжнього патріота, випускника Бориспільської загальноосвітньої школи І-ІІІ ступенів №4 (нині Бориспільський ліцей «Пер...;https://t.me/boryspil_officially/4387
@boryspil_officially;2026-02-19 17:19;🚨 Укриття | 🏗️ Інфраструктура;+1 нове ПРУ в Борисполі. Сьогодні відвідав ліцей «Патріот», оглянув готовність об’єкта та поспілкувався з керівництвом закладу. Укриття збудоване і повністю відповідає вимогам безпеки, рекомендоване ДСНС до використання за призначенням, що дає можлив...;https://t.me/boryspil_officially/4337
@boryspil_officially;2026-02-19 10:05;👐 Реабілітація;💔 Неможливо підібрати слова, аби виразити той біль, який точить серце кожного з нас, адже обірвалося життя нашого Героя-земляка, справжнього патріота, молодшого сержанта, командира гранатометного відділення гранатометного взводу стрілецького батальйо...;https://t.me/boryspil_officially/4333
@boryspil_officially;2026-02-19 07:52;👐 Реабілітація;🏊‍♂️ На Київщині проводяться тренування з адаптивного підводного плавання для ветеранів війни Тренування з адаптивного підводного плавання для ветеранів війни проводяться на базі Бориспільської ДЮСШ. Їх головна мета — сприяти фізичній і психологічній...;https://t.me/boryspil_officially/4327
@boryspil_officially;2026-02-12 12:16;👐 Реабілітація;Тепер навіки 22…💔 У бою за Україну, її свободу, цілісність і незалежність, залишаючись вірним військовій присязі, на Донеччині загинув наш відважний захисник, справжній патріот, випускник Бориспільської загальноосвітньої школи І-ІІІ ступенів №1 ім. Ю...;https://t.me/boryspil_officially/4279
@boryspil_officially;2026-02-11 17:03;👐 Реабілітація;💔 Неможливо підібрати слова, аби виразити той біль, який точить серце кожного з нас, адже обірвалося життя нашого Героя-земляка, справжнього патріота, випускника Бориспільської загальноосвітньої школи І-ІІІ ступенів №8 (нині Бориспільський ліцей «Осн...;https://t.me/boryspil_officially/4256
@boryspil_officially;2026-02-11 07:18;👐 Реабілітація;Пам'ятаємо!… 🕯 🇺🇦 Сьогодні минають три роки, як до небесного війська приєднався наш відважний захисник, справжній патріот України, випускник Бориспільської загальноосвітньої школи №8 (нині Бориспільський ліцей «Основа») та ДПТНЗ «Бориспільський профе...;https://t.me/boryspil_officially/4245
@boryspil_officially;2026-02-02 17:13;🏗️ Інфраструктура;Теплові набори для соціально незахищених мешканців громади Унаслідок повномасштабної війни країна-терорист продовжує цілеспрямовані атаки по критичній інфраструктурі України, намагаючись залишити українців без електропостачання і тепла, особливо в ос...;https://t.me/boryspil_officially/4143
@boryspil_officially;2026-01-19 13:57;🏗️ Інфраструктура;🖊️ __У темні часи добре видно світлих людей (Е.М. Ремарк) __ 🚚 Благодійна кухня волонтерського проєкту «Food Truck: Їжа без кордонів», яка впродовж тижня з раннього ранку до пізнього вечора віддано працювала у Борисполі, вирушає далі. Позаду майже 20...;https://t.me/boryspil_officially/4006
@boryspil_officially;2026-01-18 06:16;👐 Реабілітація;Пам'ятаємо!… 🕯 🇺🇦 Сьогодні минають три роки, як до небесного війська приєднався наш відважний захисник, справжній патріот України, відважний захисник, солдат, стрілець стрілецького відділення стрілецького взводу стрілецької роти 35-річний Юрій КОСЕНК...;https://t.me/boryspil_officially/3987
@boryspil_officially;2026-01-14 07:41;🏗️ Інфраструктура;🚚 На Європейській площі запрацювала благодійна кухня волонтерського проєкту «Food Truck: Їжа без кордонів», основна мета якого підтримати гарячими обідами тих, хто цього найбільше потребує, подарувавши людям порцію турботи і тепла. 🙏 Особливо у такий...;https://t.me/boryspil_officially/3940
@boryspil_officially;2026-01-06 15:02;👐 Реабілітація;📢 У КНП «ББЛІЛ» працює реабілітаційне відділення 🩺 З 01 січня 2026 року у КНП «ББЛІЛ» розпочало роботу реабілітаційне відділення, яке надає реабілітаційну допомогу дорослим у стаціонарних умовах. У рамках програми державних гарантій медичного обслуго...;https://t.me/boryspil_officially/3780
@brada021;2026-09-18 12:01;🏗️ Інфраструктура;❗️ Важлива інформація щодо роботи Реєстру територіальних громад У період з 20 по 24 вересня 2026 року включно Реєстр територіальних громад буде тимчасово недоступний. У зв’язку з цим у цей період у ЦНАПі Борщагівської сільської ради тимчасово не буду...;https://t.me/brada021/11526
@brada021;2026-09-09 11:52;🤝 Загальна безбар'єрність;🎓 Відкрито набір на 10-й потік програми Generation+ для підлітків віком 14–17 років Благодійний фонд «Дженерейшн плюс» оголошує набір учасників на 10-й, ювілейний потік комплексної соціально-освітньої програми Generation+ для підлітків. 💡 Generation+...;https://t.me/brada021/11416
@brada021;2026-09-01 15:16;🏗️ Інфраструктура;🏫 У перший день навчального року рада відвідати максимально дружній до кожної дитини простір – повністю безбарʼєрну гімназію на Київщині. Сучасні кабінети та майстерні, STEM-лабораторії, їдальня за нормами реформи шкільного харчування та величезне ук...;https://t.me/brada021/11328
@brada021;2026-08-28 11:40;⚽ Спорт;У Борщагівській громаді відбулася серпнева педагогічна конференція Сьогодні разом з освітянами громади говорили про готовність до нового навчального року, безпеку, якість та розвиток освіти. Працювати сьогодні доводиться у складних умовах. Повітряні ...;https://t.me/brada021/11260
@brada021;2026-08-28 09:59;⚽ Спорт;🇺🇦 Діти Захисників і Захисниць, а також загиблих Героїв Борщагівської громади відвідали «Добропарк» у селі Мотижин Київської області🌿 У поїздці дітей супроводжували фахівці із супроводу ветеранів КЗ «Центр надання соціальних послуг». Подорож відбулас...;https://t.me/brada021/11250
@brada021;2026-08-24 13:11;🤝 Загальна безбар'єрність;🏡 Ще один ветеран із Борщагівської громади отримає грошову компенсацію від держави на придбання житла 20 серпня в Бучанській РВА відбулося засідання комісії з розгляду заяв щодо призначення грошової компенсації за належні для отримання житлові приміщ...;https://t.me/brada021/11214
@brada021;2026-08-21 12:25;👐 Реабілітація;🇺🇦Герої серед нас: Захисник Маріуполя Сергій Бенца завітав до фахівців із супроводу ветеранів та демобілізованих осіб КЗ «Центр надання соціальних послуг Борщагівської сільської ради» Сергій пройшов крізь пекло боїв за Маріуполь і витримав майже чоти...;https://t.me/brada021/11194
@brada021;2026-08-19 07:29;⚽ Спорт | 👐 Реабілітація;📌Відкрито вакансію на посаду фахівця із супроводу ветеранів війни та демобілізованих осіб І категорії у комунальному закладі «Центр надання соціальних послуг Борщагівської сільської ради Бучанського району Київської області» Ким опікуватиметься фахів...;https://t.me/brada021/11146
@brada021;2026-08-17 13:06;🤝 Загальна безбар'єрність;Матеріальна допомога жителям громади та підтримка Сил безпеки і оборони України🇺🇦 У межах 33-ї чергової сесії Борщагівської сільської ради VIII скликання ухвалено низку рішень щодо підтримки жителів громади, Захисників України та їхніх родин, внутріш...;https://t.me/brada021/11121
@brada021;2026-08-17 09:11;👐 Реабілітація;Відкрито прийом заявок на участь в інкубаційній програмі StartUp4Family: Kyiv region🇺🇦 Програма спрямована на підтримку тих, хто створює або планує створювати соціально важливі продукти та послуги для родин внутрішньо переміщених осіб (ВПО) з дітьми ...;https://t.me/brada021/11115
@brada021;2026-08-14 11:59;⚽ Спорт | 🤝 Загальна безбар'єрність;Відбулася 33-тя чергова сесія Борщагівської сільської ради VIII скликання 14 серпня 2026 року відбулося засідання 33-ї чергової сесії Борщагівської сільської ради VIII скликання. Серед ключових рішень — підтримка Сил безпеки і оборони України. За зве...;https://t.me/brada021/11088
@brada021;2026-08-10 15:12;⚽ Спорт;Борщагівська громада розвиватиме проєкт «Шлях чемпіонів» та ветеранські ініціативи у партнерстві з БФ «СПЛАВ» Підписав Меморандум про співпрацю між Борщагівською сільською радою та Благодійною організацією «БФ «СПЛАВ». Визначили конкретні напрями спі...;https://t.me/brada021/11009
@brada021;2026-08-10 11:34;🚌 Транспорт | ⚽ Спорт | 👐 Реабілітація | 🏗️ Інфраструктура | 🤝 Загальна безбар'єрність;🚐 У Борщагівській громаді запрацювало «Соціальне таксі» Борщагівська сільська рада продовжує розвивати соціальні послуги та створювати умови для більшої доступності необхідної допомоги для мешканців громади. Відтепер у Борщагівській громаді діє безко...;https://t.me/brada021/10996
@brada021;2026-08-03 13:01;🏥 Медицина;🩺 Здоров’я громади — наш спільний пріоритет! Профілактика — це найкращий спосіб зберегти здоров’я та запобігти розвитку серйозних захворювань. Саме тому КНП «Медичний центр Борщагівської сільської ради» продовжує проводити виїзні скринінги здоров’я 4...;https://t.me/brada021/10942
@brada021;2026-07-31 07:11;🤝 Загальна безбар'єрність;🤝 Підтримка наших Захисників — щоденна робота фахівців Центру надання соціальних послуг Борщагівської сільської ради. Учора до фахівця із супроводу ветеранів звернувся наш Захисник з питанням оформлення статусу особи з інвалідністю внаслідок війни. Ф...;https://t.me/brada021/10919
@brada021;2026-07-27 13:24;⚽ Спорт | 🏥 Медицина | 🏗️ Інфраструктура;💙 У Борщагівській громаді привітали медичних працівників із професійним святом🤝 Сьогодні у Борщагівській громаді відбувся урочистий захід з нагоди Дня медичного працівника. Заступник сільського голови Роман Гах разом з директором КНП «Медичний центр ...;https://t.me/brada021/10861
@brada021;2026-07-24 09:39;🚌 Транспорт;🇺🇦Відбулася 32 позачергова сесія Борщагівської сільської ради VIII скликання🇺🇦 24 липня 2026 року під головуванням в.о. голови Борщагівської сільської ради – секретаря ради Олександра Медвідь відбулося засідання 32 позачергової сесії Борщагівської сі...;https://t.me/brada021/10840
@brada021;2026-07-24 05:39;👐 Реабілітація;👨‍👩‍👧‍👦 Борщагівська громада шукає патронатних вихователів! Кожна дитина заслуговує на турботу, безпеку та підтримку. Саме тому Борщагівська громада запрошує небайдужі родини стати патронатними вихователями та подарувати дитині тимчасовий дім у склад...;https://t.me/brada021/10839
@brada021;2026-07-21 14:03;👐 Реабілітація;240 дітей Борщагівської громади вже оздоровилися у Трускавці. Літо — це час відпочинку, нових знайомств та яскравих вражень. Саме таким воно стало для 240 дітей Борщагівської громади, які протягом червня–липня пройшли оздоровлення та психоемоційне ві...;https://t.me/brada021/10812
@brada021;2026-07-17 10:00;🏥 Медицина;💙 Тривалий догляд для важкохворих: Центр сімейної медицини надає безоплатні послуги для мешканців та ВПО з Торецької громади Якщо ви є мешканцем або внутрішньо переміщеною особою з Торецької громади Донецької області, і у вашій родині є людина, яка п...;https://t.me/brada021/10785
@brada021;2026-07-16 11:45;🤝 Загальна безбар'єрність;🏡 На Київщині ветерани та родини полеглих Захисників [отримали сертифікати](https://t.me/kyivoda/52259) на придбання житла Днями відбулося вручення сертифікатів на придбання житла ветеранам війни та членам родин загиблих Захисників і Захисниць Україн...;https://t.me/brada021/10780
@brada021;2026-07-15 09:48;👐 Реабілітація | 🤝 Загальна безбар'єрність;Безбар’єрність – суспільна норма, в рамках якої кожну людину приймають, поважають і цінують незалежно від походження, статі, віку, фізичних особливостей, трудової зайнятості, інших особливостей та індивідуальних ознак, а при прийнятті рішень влада, б...;https://t.me/brada021/10756
@brada021;2026-07-10 09:29;⚽ Спорт;🫶Подорож ветеранів Борщагівської громади до «Софіївки» 🏞 Після важких ночей, сповнених тривог і ворожих обстрілів, особливо цінними стають моменти відпочинку та відновлення. Цього тижня для ветеранів і членів їхніх сімей, які перебувають на супроводі...;https://t.me/brada021/10731
@brada021;2026-07-08 08:58;👐 Реабілітація;🫶 Відпочинок, що допомагає відновлювати сили🎣 Цими вихідними ветерани, які перебувають на супроводі КЗ «Центр надання соціальних послуг Борщагівської сільської ради», провели особливий день на природі. Вікенд організували Благодійний фонд «Братство д...;https://t.me/brada021/10712
@brada021;2026-07-07 12:11;⚽ Спорт;Ветеранський спорт: отримайте 1 500 грн на заняття спортом у III кварталі 2026 року💪 З 1 до 20 липня подайте нову заяву в застосунку Дія. Це допоможе оновити дані та швидше зарахувати кошти. Хто може скористатися: 🔹 ветерани, ветеранки, учасники, уча...;https://t.me/brada021/10711
@brada021;2026-07-02 14:57;🤝 Загальна безбар'єрність;Підтримуємо Героїв: допомога на кожному кроці🤝 Робота фахівця із супроводу ветеранів та демобілізованих осіб — це не лише оформлення документів, а насамперед підтримка на шляху до повернення до цивільного життя. На фото — робочий момент у Центрі нада...;https://t.me/brada021/10682
@brada021;2026-06-25 16:03;👐 Реабілітація;🤝 Представники Борщагівської громади взяли участь у Дні спільнодії «Інновації «Ти як?» у громадах» У Київській області на базі Броварської міської територіальної громади відбувся День спільнодії «Інновації «Ти як?» у громадах» за участі заступниці го...;https://t.me/brada021/10641
@brada021;2026-06-16 13:53;🤝 Загальна безбар'єрність;🪖 Захисникам та їхнім родинам: запустили комплексну послугу на порталі Дія Тепер отримуйте кілька державних послуг за однією заявою — для чинних і звільнених військовослужбовців та членів сімей загиблих Захисників і Захисниць. Що входить до переліку?...;https://t.me/brada021/10548
@brada021;2026-06-02 07:57;🏗️ Інфраструктура;Реєстрація на грошову допомогу від УВКБ ООН в Борщагівській громаді. БФ «Право на захист» проведе збір даних для виплати грошової допомоги. 📍село Софіївська Борщагівка, пров. Шкільний, 5 (Управління соціальної та ветеранської політики Борщагівської с...;https://t.me/brada021/10421
@brada021;2026-05-29 07:09;⚽ Спорт;🏆 Київщина ПЛІЧ-О-ПЛІЧ: разом до Перемоги!🇺🇦 28 травня 2026 року у Чайківській гімназії Борщагівської громади відбулася урочиста церемонія закриття IV (обласного) етапу змагань «Пліч-о-пліч Всеукраїнські шкільні ліги» у Київській області. Цей масштаб...;https://t.me/brada021/10374
@brada021;2026-05-25 12:49;⚽ Спорт | 🤝 Загальна безбар'єрність;У межах Національного тижня безбар’єрності Борщагівська громада мала честь приймати видатних українських спортсменів із веслування академічного — Романа Полянського, дворазового паралімпійського чемпіона, чинного віцечемпіона, багаторазового чемпіона...;https://t.me/brada021/10334
@brada021;2026-05-22 12:06;🤝 Загальна безбар'єрність;🇺🇦 Національний тиждень безбар’єрності в Україні проходитиме в Україні з 25 по 31 травня 2026 року. Це ініціатива, покликана привернути увагу суспільства до важливості створення доступного середовища та рівних можливостей для всіх громадян. Мета тижн...;https://t.me/brada021/10309
@brada021;2026-05-22 08:30;⚽ Спорт | 👐 Реабілітація;Сьогодні у закладах вищої освіти системи МВС навчаються 1673 ветерани. [Ще 820 - уже отримали дипломи та здобули новий фах.](https://mvs.gov.ua/news/osvita-shho-dopomagaje-vidnovitisia-dostupni-programi-suprovid-ta-novi-mozlivosti-dlia-veteraniv-u-si...;https://t.me/brada021/10308
@brada021;2026-05-15 17:25;⚽ Спорт;🇺🇦Проведено І територіальний етап Всеукраїнської дитячо-юнацької військово-патріотичної гри «Сокіл» («Джура») у Борщагівській громаді. На базі КЗЗСО «Ліцей №1» села Петропавлівська Борщагівка відбувся І територіальний етап Всеукраїнської дитячо-юнаць...;https://t.me/brada021/10257
@brada021;2026-05-01 13:15;🏗️ Інфраструктура | 🤝 Загальна безбар'єрність;🏠 Житловий ваучер для ВПО з ТОТ: відстежуйте кожен крок у застосунку Дія Інформуємо про запуск другого етапу державної послуги для внутрішньо переміщених осіб з тимчасово окупованих територій. Відтепер увесь шлях — від отримання житлового ваучера до ...;https://t.me/brada021/10165
@brada021;2026-05-01 09:46;👐 Реабілітація | 🏥 Медицина;🤝Фахівці із супроводу ветеранів працюють у комунальному закладі «Центр надання соціальних послуг Борщагівської сільської ради Бучанського району Київської області» Вони забезпечуватимуть підтримку та супровід для ветеранів війни та їхніх родин. Ким о...;https://t.me/brada021/10164
@brada021;2026-04-29 14:27;🏥 Медицина;🏛 30-та чергова сесія Борщагівської сільської ради🇺🇦 29 квітня відбулася 30-та чергова сесія Борщагівської сільської ради VIII скликання. Засідання провели сільський голова Олесь Кудрик та секретар ради Олександр Медвідь за участі депутатів, керівник...;https://t.me/brada021/10146
@brada021;2026-04-29 13:05;👐 Реабілітація;Кожен обмін – це не просто цифри. Це складна, злагоджена робота багатьох служб. І це – людські долі. Родини. Роки очікування. Нещодавно з полону повернувся нацгвардієць Владислав. Майже чотири роки він не бачив рідних. Коли потрапив у полон, його дру...;https://t.me/brada021/10145
@brada021;2026-04-28 07:16;🏥 Медицина;🔥Вакансії у Борщагівській громаді 🟢Охоронна компанія ▪️Охоронник обʼєкта ▪️Охоронник групи швидкого реагування ▪️Оперативний черговий (пульт цілодобового спостереження) ▪️Інженер слабострумних мереж ▪️Менеджер по роботі з клієнтами 🗓Гнучкий графік ро...;https://t.me/brada021/10128
@brada021;2026-04-24 14:04;👐 Реабілітація;Вдруге за місяць зустрічаємо наших вдома! Сьогодні в межах чергового обміну полоненими на рідну землю повернулися 193 захисники, зокрема й 12 представників системи МВС. Серед них – 10 гвардійців, прикордонник та поліцейський. Офіцер, двоє сержантів т...;https://t.me/brada021/10091
@brada021;2026-04-21 06:59;🏥 Медицина;"🔥Вакансії у Борщагівській громаді 🟢КЗОСК ""БОРЩАГІВСЬКА ШКОЛА МИСТЕЦТВ"" запрошує на роботу з наступного навчального року 📍Софіївська Борщагівка: ▪️Концертмейстер (фортепіано) 📍Чайківська філія школи мистецтв: ▪️Концертмейстер-баянист ▪️Викладач народн...";https://t.me/brada021/10029
@brada021;2026-04-14 07:09;🏥 Медицина;🔥Вакансії у Борщагівській громаді! 🟢КНП «Медичний центр Борщагівської сільської ради» Бучанського району Київської області ▪️Молодша медична сестра (санітарка) ▪️Реєстратор медичний (працівник реєстратури) 📍Софіївська Борщагівка, вул. Соборна, 53-Г (...;https://t.me/brada021/9971
@brada021;2026-04-09 09:42;🤝 Загальна безбар'єрність;🐣 Напередодні Великодня — з турботою про кожного 🤝 У переддень світлого свята Великодня особлива увага приділяється тим жителям громади, які найбільше потребують підтримки та людського тепла. Працівники КЗ «Центр надання соціальних послуг Борщагівськ...;https://t.me/brada021/9934
@brada021;2026-04-08 12:21;⚽ Спорт;🏆 Перемога Борщагівської громади у біатлоні! 6 квітня в Борщагівській громаді відбувся районний етап з біатлону в межах проєкту «Пліч-о-пліч: всеукраїнські шкільні ліги» серед учнів 7–8 класів. 📍 Змагання проходили на базі Ліцею «Петропавлівський» та...;https://t.me/brada021/9924
@brada021;2026-04-06 11:14;⚽ Спорт | 🤝 Загальна безбар'єрність;Ветеранський спорт у Дії 💪 💳 Ветерани та ветеранки, отримуйте 1 500 грн на відновлення або тренування — у спортзалі, басейні чи улюбленій секції. 🗓Подавайте заяву в Дії до 20 квітня. Важливе оновлення: автоматичні нарахування більше не діють. Для отр...;https://t.me/brada021/9918
@brada021;2026-04-05 11:42;⚽ Спорт | 👐 Реабілітація;У Броварах відбувся вечір боксу «У кожного своя мрія» — подія, яка залишить слід у серцях усіх, хто був присутній. Київщина зібрала сильних людей у ринзі: професійних боксерів, аматорів і наших ветеранів. Це був вечір характеру і незламності. Особлив...;https://t.me/brada021/9906
@brada021;2026-04-02 08:49;🤝 Загальна безбар'єрність;🇺🇦 Ветерани та ветеранки з інвалідністю можуть отримати компенсацію за переобладнання авто Із січня 2026 року Міністерство у справах ветеранів України запровадило програму, за якою держава відшкодовує витрати на переобладнання власного автомобіля від...;https://t.me/brada021/9890
@brada021;2026-03-25 13:30;⚽ Спорт;Жива розмова, що надихає: зустріч із паралімпійським чемпіоном Анатолієм Ковалевським у Борщагівській громаді Сьогодні в громаді відбулася особлива зустріч — щира, відкрита і по-справжньому мотивуюча. Ініціатором події став очільник громади Олесь Куд...;https://t.me/brada021/9796
@brada021;2026-03-23 13:06;⚽ Спорт;💪 Історичний момент для українського спорту — у Борщагівській громаді визначено першого володаря Кубка України з ампфутболу ⚽️ 22 березня 2026 року на стадіоні СКК «Софіївський» у селі Софіївська Борщагівка відбулася знакова подія для українського сп...;https://t.me/brada021/9763
@brada021;2026-03-23 09:38;⚽ Спорт | 👐 Реабілітація;📲Ветеран PRO — нові можливості для Захисників і Захисниць Для ветеранів і ветеранок створено єдину платформу Ветеран PRO, де зібрано корисну інформацію про державні послуги, програми розвитку, освіту та можливості працевлаштування після служби. 🎓 Оди...;https://t.me/brada021/9758
@brada021;2026-03-20 15:03;🤝 Загальна безбар'єрність;Кабінет Міністрів України ухвалив рішення про виплату у квітні одноразової цільової доплати у розмірі 1 500 гривень для пенсіонерів та людей, які отримують соціальну допомогу. 💳 Виплата буде здійснена автоматично через звичні канали отримання пенсій ...;https://t.me/brada021/9746
@brada021;2026-03-19 09:13;🏥 Медицина;🩺 Якісні медичні послуги доступні для кожного мешканця громади 📹 У нашому відео ви дізнаєтеся про роботу комунальних медичних закладів Борщагівської громади — про сучасне обладнання, професійних лікарів та постійну підтримку пацієнтів. Сьогодні не по...;https://t.me/brada021/9742
@brada021;2026-03-18 07:42;🤝 Загальна безбар'єрність;📢 Важлива інформація для жителів Київської області! Рішенням Київської обласної ради від 26.02.2026 № 1562-36-VІІІ затверджено зміни до Регіональної програми стійкості систем життєзабезпечення та критичної інфраструктури на 2023–2027 роки. ❗️Програма...;https://t.me/brada021/9734
@brada021;2026-03-17 12:06;⚽ Спорт;🇺🇦Незламна сила духу: Анатолій Ковалевський — дворазовий бронзовий призер Паралімпіади-2026 🥉🥉 Житель Борщагівської громади, український парабіатлоніст Анатолій Ковалевський вписав нову яскраву сторінку в історію українського спорту! ❄️На Зимових Пар...;https://t.me/brada021/9727
@brada021;2026-03-13 08:03;👐 Реабілітація;Як підтримати тих, хто пережив полон: новий інфобокс у межах програми «Ти як?» У межах реалізації Всеукраїнської програми ментального здоров’я «Ти як?», ініційованої першою леді Оленою Зеленською, презентовано [комплексний інфобокс](https://howareu.c...;https://t.me/brada021/9692
@brada021;2026-03-11 12:13;👐 Реабілітація;Триває набір на посаду фахівця із супроводу ветеранів війни та демобілізованих осіб Міністерство у справах ветеранів України спільно з комунальним закладом «Центр надання соціальних послуг Борщагівської сільської ради Бучанського району Київської обл...;https://t.me/brada021/9646
@brada021;2026-02-17 13:15;🤝 Загальна безбар'єрність;З 1 січня 2026 року розширено коло платників податку, які можуть скористатися податковою знижкою за витратами на оренду житла - повідомляє Державна податкова служба України Зміни передбачені Законом України від 16 липня 2025 року № 4536-ІХ та внесени...;https://t.me/brada021/9475
@brada021;2026-02-16 08:37;👐 Реабілітація;Оголошується набір на посаду фахівця із супроводу ветеранів війни та демобілізованих осіб Міністерство у справах ветеранів України спільно з комунальним закладом «Центр надання соціальних послуг Борщагівської сільської ради Бучанського району Київськ...;https://t.me/brada021/9451
@brada021;2026-02-13 14:35;🏗️ Інфраструктура;Евакуаційні групи ДСНС і поліції щодня працюють у найнебезпечніших районах вздовж лінії фронту. З початку року вони вивезли вже понад 6 300 людей, майже половина з яких – діти. Це складна, але надзвичайно важлива робота. Евакуаційні екіпажі, зокрема ...;https://t.me/brada021/9438
@brada021;2026-02-12 09:30;👐 Реабілітація;🔋 Триває прийом заяв на отримання портативних зарядних станцій для дітей з інвалідністю підгрупи А ⚡️За тиждень від старту урядової програми родини подали понад 7 000 заяв на отримання портативних зарядних станцій для дітей з інвалідністю підгрупи А....;https://t.me/brada021/9432
@brada021;2026-02-11 15:19;🚌 Транспорт | 👐 Реабілітація | 🏗️ Інфраструктура;🇺🇦11 лютого відбулася 29-та чергова сесія Борщагівської сільської ради VIII скликання🇺🇦 Засідання провели сільський голова Олесь Кудрик та секретар ради Олександр Медвідь за участі депутатів, керівників управлінь і відділів сільської ради, комунальни...;https://t.me/brada021/9416
@brada021;2026-02-04 12:50;🚨 Укриття;Був радий вітати в Києві міністра з питань стійкості та готовності Королівства Данія Торстена Шака Педерсена. [Говорили про виклики в контексті війни, про безпеку і про те, як підтримувати людей, коли ворог щодня знищує нашу енергетику та критичну ін...;https://t.me/brada021/9367
@brada021;2026-01-26 10:17;🏥 Медицина;Військовий облік із 17 років: що варто знати юнакам і батькам Щороку з 1 січня по 31 липня на військовий облік призовників беруться юнаки, яким у рік постановки виповнюється 17 років. 👉 У 2026 році це громадяни 2009 року народження. ✅ Як стати на вій...;https://t.me/brada021/9281
@brada021;2026-01-23 08:06;👐 Реабілітація;🇺🇦 Державні послуги для ветеранів, ветеранок та їхніх родин — у кілька кліків📲 Питання підтримки, пільг і нових можливостей для Захисників і Захисниць України сьогодні надзвичайно важливі. 💼 На платформі Ветеран Pro зібрана перевірена та актуальна ін...;https://t.me/brada021/9257
@brada021;2026-01-21 13:57;👐 Реабілітація | 🤝 Загальна безбар'єрність;"Реабілітація — це… ▫️ коли повертаєш рухову активність після поранення; ▫️ коли знову стаєш самостійним після інсульту; ▫️ коли бачиш, як твоя дитина реагує на цей світ і радіє йому попри складні обставини. Реабілітація — це коли можеш отримати фахов...";https://t.me/brada021/9251
@brada021;2026-01-21 08:30;👐 Реабілітація | 🏥 Медицина;🤝Фахівці із супроводу ветеранів працюють у комунальному закладі «Центр надання соціальних послуг Борщагівської сільської ради Бучанського району Київської області» Вони забезпечуватимуть підтримку та супровід для ветеранів війни та їхніх родин. Ким о...;https://t.me/brada021/9249
@brada021;2026-01-19 15:38;🚌 Транспорт | 🏗️ Інфраструктура;🏫 Чайківську гімназію урочисто відкрито! 🔔 19 січня 2026 року в селі Чайки відбулася по-справжньому історична подія — відкриття Чайківської гімназії Борщагівської сільської ради. Це сучасний освітній простір, створений попри всі виклики воєнного часу...;https://t.me/brada021/9228
@brada021;2026-01-15 10:18;⚽ Спорт | 🤝 Загальна безбар'єрність;💪Ветерани і ветеранки мають змогу отримати 1 500 грн щоквартально на спорт та відновлення. Використовуйте гроші на тренажерні зали, басейни, спортивні секції та інші активності. Перелік закладів великий, головне, щоб вони працювали офіційно й за кода...;https://t.me/brada021/9196
@brada021;2026-01-14 09:49;🏗️ Інфраструктура;Нагадуємо! БФ «Право на захист» завтра проводить збір даних для участі в програмі багатоцільової грошової допомоги 💳 📍За адресою: с. Софіївська Борщагівка, пров. Шкільний, 5 (приміщення Управління соціальної та ветеранської політики Борщагівської сіл...;https://t.me/brada021/9182
@brada021;2026-01-12 14:32;🏗️ Інфраструктура;БФ «Право на захист» проводить збір даних для участі в програмі багатоцільової грошової допомоги 💳 🔹Софіївська Борщагівка, пров. Шкільний, 5. Управління соціальної та ветеранської політики Борщагівської сільської ради, каб. 23 🗓 Четвер, 15.01.2026, 🕙...;https://t.me/brada021/9159
@brada021;2026-01-04 10:53;👐 Реабілітація;Сергій Дейнеко призначається радником міністра внутрішніх справ України. І водночас військової справи не полишає. Мав щиру розмову з Сергієм Васильовичем. З урахуванням рекомендацій лікарів він потребує нетривалого відновлення після багаторічної служ...;https://t.me/brada021/9078
@brada021;2026-01-02 12:05;🤝 Загальна безбар'єрність;Цифровізація — один із ключових пріоритетів у роботі нашої команди. У 2025 році ми зосередилися на реальних змінах, що дають результат для громад і людей. 69 територіальних громад визначили цифрових лідерів і почали працювати спільно на платформі «Ді...;https://t.me/brada021/9070
@mistoboyarka;2026-09-21 10:20;🏗️ Інфраструктура;"📢 До уваги відвідувачів ЦНАПу! 🛠 У зв’язку з проведенням технічних робіт до 24 вересня 2026 року включно портал Реєстру територіальної громади тимчасово недоступний. У цей період у ЦНАПі не надаватимуться такі послуги: ❌ реєстрація місця проживання; ...";https://t.me/mistoboyarka/15892
@mistoboyarka;2026-08-21 12:39;👐 Реабілітація;КНП «Центр первинної медико-санітарної допомоги» у Боярці відвідали високі гості: заступник міністра охорони здоров’я України – головний державний санітарний лікар України Ігор Кузін, представники Світового банку в Україні, Посольства Швейцарії в Укр...;https://t.me/mistoboyarka/15416
@mistoboyarka;2026-08-11 13:07;👐 Реабілітація;🕯Знову болюча втрата у Боярській громаді 5 серпня 2026 року, перебуваючи вдома на реабілітації після поранення, трагічно загинув солдат Денис Гребельник. Денис Сергійович Гребельник народився 14 березня 1986 року в м. Боярка. Закінчив Боярську ЗОШ № ...;https://t.me/mistoboyarka/15343
@mistoboyarka;2026-07-21 13:04;👐 Реабілітація;💙 План заходів Центру життєстійкості Боярської громади з 20 до 25 липня 2026 року Центр запрошує на: ✨ індивідуальні психологічні консультації ✨ групові зустрічі з психологом ✨ групи взаємопідтримки та самодопомоги 📍Адреса: м. Боярка, вул. Білогородс...;https://t.me/mistoboyarka/15166
@mistoboyarka;2026-07-20 11:00;⚽ Спорт;♿️ Патрульна поліція Київської області нагадує про заборону паркуватися на місцях для людей з інвалідністю без належних на те підстав Водії з інвалідністю або водії, які перевозять людей з інвалідністю, мають право на зупинку, стоянку або паркування ...;https://t.me/mistoboyarka/15162
@mistoboyarka;2026-07-14 09:01;🤝 Загальна безбар'єрність;Одноразова грошова допомога (до 95 000 грн) на придбання побутової та адаптивної техніки для ветеранів і ветеранок, які втратили зір. ❓ Хто може отримати допомогу? Ветерани та ветеранки, які повністю або частково втратили зір під час захисту незалежн...;https://t.me/mistoboyarka/15121
@mistoboyarka;2026-06-08 06:55;🏥 Медицина;🗓 КНП «Лікарня інтенсивного лікування Боярської міської ради» повідомляє про розклад прийому вузьких спеціалістів консультативно-діагностичного центру на 8–12 червня 2026 року. 📝Запис на консультацію/лікування до вузьких спеціалістів здійснюється за ...;https://t.me/mistoboyarka/14913
@mistoboyarka;2026-06-01 14:25;👐 Реабілітація;💙 План заходів Центру життєстійкості Боярської громади з 2 до 6 червня 2026 року Центр запрошує на: ✨ індивідуальні психологічні консультації ✨ групові зустрічі з психологом ✨ групи взаємопідтримки та самодопомоги 📍Адреса: м. Боярка, вул. Білогородсь...;https://t.me/mistoboyarka/14849
@mistoboyarka;2026-05-25 07:13;👐 Реабілітація;💙 План заходів Центру життєстійкості Боярської громади з 25 до 30 травня 2026 року Центр запрошує на: ✨ індивідуальні психологічні консультації ✨ групові зустрічі з психологом ✨ групи взаємопідтримки та самодопомоги 📍Адреса: м. Боярка, вул. Білогород...;https://t.me/mistoboyarka/14777
@mistoboyarka;2026-05-18 10:32;👐 Реабілітація;💙 План заходів Центру життєстійкості Боярської громади з 18 до 23 травня 2026 року Центр запрошує на: ✨ індивідуальні психологічні консультації ✨ групові зустрічі з психологом ✨ групи взаємопідтримки та самодопомоги 📍Адреса: м. Боярка, вул. Білогород...;https://t.me/mistoboyarka/14711
@mistoboyarka;2026-05-18 06:40;🤝 Загальна безбар'єрність;Опитування щодо потреб у безбар'єрному середовищі Запрошуємо пройти опитування людей з інвалідністю, батьків з дитячими візочками, людей поважного віку, ветеранів, людей після травм та всіх, кому важлива доступність у громаді. Мета — зрозуміти, яких ...;https://t.me/mistoboyarka/14708
@mistoboyarka;2026-05-13 13:59;👐 Реабілітація;📣Актуальні вакансії в КНП «ЛІЛ Боярської міської ради» (м. Боярка, вул. Соборності, 51): ✅Фізичний терапевт ✅Ерготерапевт ✅Клінічний фармацевт ▪️з/п за домовленістю ✅Сантехнік ▪️з/п за домовленістю ✅Сестра медична стаціонару ▪️від 13 500 грн ✅Молодша...;https://t.me/mistoboyarka/14676
@mistoboyarka;2026-05-12 09:42;⚽ Спорт | 👐 Реабілітація;Видача направлення до реабілітаційного закладу для надання реабілітаційних послуг дітям з інвалідністю за програмою «Соціальний захист осіб з інвалідністю» Підстава для отримання послуги: ✅Індивідуальна програма реабілітації дитини з інвалідністю (за...;https://t.me/mistoboyarka/14667
@mistoboyarka;2026-05-11 07:35;👐 Реабілітація;💙 План заходів Центру життєстійкості Боярської громади з 11 до 16 травня 2026 року Центр запрошує на: ✨ індивідуальні психологічні консультації ✨ групові зустрічі з психологом ✨ групи взаємопідтримки та самодопомоги 📍Адреса: м. Боярка, вул. Білогород...;https://t.me/mistoboyarka/14652
@mistoboyarka;2026-05-06 12:02;👐 Реабілітація;Боярку за сприяння голови ГО «Асоціація ветеранів «Плече побратима» Андрія Ратушного відвідав заступник Міністра у справах ветеранів України Руслан Приходько. У межах візиту він ознайомився з роботою ветеранського простору «Ветеран Про Боярка», а так...;https://t.me/mistoboyarka/14620
@mistoboyarka;2026-05-04 08:14;👐 Реабілітація;💙 План заходів Центру життєстійкості Боярської громади з 4 до 9 травня 2026 року Центр запрошує на: ✨ індивідуальні психологічні консультації ✨ групові зустрічі з психологом ✨ групи взаємопідтримки та самодопомоги 📍Адреса: м. Боярка, вул. Білогородсь...;https://t.me/mistoboyarka/14600
@mistoboyarka;2026-04-20 07:00;🏥 Медицина;🗓 КНП «Лікарня інтенсивного лікування Боярської міської ради» повідомляє про розклад прийому вузьких спеціалістів консультативно-діагностичного центру на 20–24 квітня 2026 року. 📝Запис на консультацію/лікування до вузьких спеціалістів здійснюється за...;https://t.me/mistoboyarka/14464
@mistoboyarka;2026-04-14 10:13;👐 Реабілітація;💙 Центр життєстійкості Боярської громади — це безпечний простір, де ви можете отримати підтримку, поділитися своїм досвідом та знайти ресурси для відновлення. Центр запрошує на: ✨ індивідуальні психологічні консультації ✨ групові зустрічі з психолого...;https://t.me/mistoboyarka/14420
@mistoboyarka;2026-04-14 06:45;⚽ Спорт | 🤝 Загальна безбар'єрність;👶Щомісячна державна допомога по догляду за дитиною до досягнення нею 1 року. Розмір щомісячної допомоги: • 7 000 грн • 10 500 грн — для дітей з інвалідністю. 👤Хто має право: Мати або інший законний представник дитини, який фактично здійснює догляд за...;https://t.me/mistoboyarka/14419
@mistoboyarka;2026-04-13 07:16;🏥 Медицина;🗓 КНП «Лікарня інтенсивного лікування Боярської міської ради» повідомляє про розклад прийому вузьких спеціалістів консультативно-діагностичного центру на 13– 17 квітня 2026 року. 📝Запис на консультацію/лікування до вузьких спеціалістів здійснюється з...;https://t.me/mistoboyarka/14409
@mistoboyarka;2026-04-10 07:13;⚽ Спорт | 🤝 Загальна безбар'єрність;👶«єЯсла»: щомісячна грошова допомога для працюючих батьків дітей віком від 1 до 3 років. 💰 Розмір щомісячної допомоги: 💵 8 000 грн — стандартний розмір виплати щомісяця. 💵 12 000 грн — якщо ви виховуєте дитину з інвалідністю. Кошти можна витрати на: ...;https://t.me/mistoboyarka/14400
@mistoboyarka;2026-04-06 07:16;🏥 Медицина;🗓 КНП «Лікарня інтенсивного лікування Боярської міської ради» повідомляє про розклад прийому вузьких спеціалістів консультативно-діагностичного центру на 6 – 10 квітня 2026 року. 📝Запис на консультацію/лікування до вузьких спеціалістів здійснюється з...;https://t.me/mistoboyarka/14356
@mistoboyarka;2026-03-31 09:30;👐 Реабілітація;📣Актуальні вакансії в КНП «ЛІЛ Боярської міської ради» (м. Боярка, вул. Соборності, 51): ✅Фізичний терапевт ✅Ерготерапевт ✅Клінічний фармацевт ▪️з/п за домовленістю ✅Сестра медична стаціонару ▪️від 13 500 грн ✅Молодша медична сестра (прибиральниця) ▪...;https://t.me/mistoboyarka/14318
@mistoboyarka;2026-03-30 07:01;🏥 Медицина;🗓 КНП «Лікарня інтенсивного лікування Боярської міської ради» повідомляє про розклад прийому вузьких спеціалістів консультативно-діагностичного центру на 30 березня – 3 квітня 2026 року. 📝Запис на консультацію/лікування до вузьких спеціалістів здійсн...;https://t.me/mistoboyarka/14298
@mistoboyarka;2026-03-23 07:50;🏥 Медицина;🗓 КНП «Лікарня інтенсивного лікування Боярської міської ради» повідомляє про розклад прийому вузьких спеціалістів консультативно-діагностичного центру на 23–29 березня 2026 року. 📝Запис на консультацію/лікування до вузьких спеціалістів здійснюється з...;https://t.me/mistoboyarka/14210
@mistoboyarka;2026-03-09 07:55;🏥 Медицина;🗓 КНП «Лікарня інтенсивного лікування Боярської міської ради» повідомляє про розклад прийому вузьких спеціалістів консультативно-діагностичного центру на 9–13 березня 2026 року. 📝Запис на консультацію/лікування до вузьких спеціалістів здійснюється за...;https://t.me/mistoboyarka/14104
@mistoboyarka;2026-03-04 14:45;👐 Реабілітація | 🏥 Медицина;📲Запрошуємо мешканців Боярської громади взяти участь у опитуванні про реабілітаційні послуги Боярська громада бере участь у проєкті «Шлях у реабілітації: від області до громади», спрямованому на розбудову системи реабілітаційних та супутніх послуг у ...;https://t.me/mistoboyarka/14088
@mistoboyarka;2026-03-02 08:18;🏥 Медицина;🗓 КНП «Лікарня інтенсивного лікування Боярської міської ради» повідомляє про розклад прийому вузьких спеціалістів консультативно-діагностичного центру на 2–6 березня 2026 року. 📝Запис на консультацію/лікування до вузьких спеціалістів здійснюється за ...;https://t.me/mistoboyarka/14064
@mistoboyarka;2026-02-23 07:50;🏥 Медицина;🗓 КНП «Лікарня інтенсивного лікування Боярської міської ради» повідомляє про розклад прийому вузьких спеціалістів консультативно-діагностичного центру на 23–27 лютого 2026 року. 📝Запис на консультацію/лікування до вузьких спеціалістів здійснюється за...;https://t.me/mistoboyarka/13996
@mistoboyarka;2026-02-21 12:49;🏗️ Інфраструктура | 🤝 Загальна безбар'єрність;✍️БФ «Право на захист» проводить збір даних для участі в програмі багатоцільової грошової допомоги. 🗓 24 лютого, вівторок 🕥 10:30–16:00 📍 м. Боярка, вул. Білогородська, 23б (Громадський простір «Ветеран ПРО Боярка») ❗️Формат: жива черга Сума допомоги...;https://t.me/mistoboyarka/13991
@mistoboyarka;2026-02-16 08:20;🏥 Медицина;🗓 КНП «Лікарня інтенсивного лікування Боярської міської ради» повідомляє про розклад прийому вузьких спеціалістів консультативно-діагностичного центру на 16–20 лютого 2026 року. 📝Запис на консультацію/лікування до вузьких спеціалістів здійснюється за...;https://t.me/mistoboyarka/13925
@mistoboyarka;2026-02-10 15:33;🤝 Загальна безбар'єрність;🙌Служба у справах дітей Боярської міської ради розпочинає підготовку до організації оздоровлення та відпочинку дітей у 2026 році ✍️Щоб дитина була включена до переліку на оздоровлення або відпочинок у 2026 році, батьки або законні представники мають ...;https://t.me/mistoboyarka/13878
@mistoboyarka;2026-02-09 07:30;🏥 Медицина;🗓 КНП «Лікарня інтенсивного лікування Боярської міської ради» повідомляє про розклад прийому вузьких спеціалістів консультативно-діагностичного центру на 9–13 лютого 2026 року. 📝Запис на консультацію/лікування до вузьких спеціалістів здійснюється за ...;https://t.me/mistoboyarka/13838
@mistoboyarka;2026-02-03 14:24;👐 Реабілітація;Центр життєстійкості Боярської громади запрошує відвідати індивідуальні та групові психологічні консультації – групи взаємодопомоги. Оголошується новий набір до групи «Самодопомога плюс». Для підлітків у Центрі життєстійкості функціонують групові кур...;https://t.me/mistoboyarka/13798
@mistoboyarka;2026-02-02 07:42;🏥 Медицина;🗓 КНП «Лікарня інтенсивного лікування Боярської міської ради» повідомляє про розклад прийому вузьких спеціалістів консультативно-діагностичного центру на 2–6 лютого 2026 року. 📝Запис на консультацію/лікування до вузьких спеціалістів здійснюється за н...;https://t.me/mistoboyarka/13780
@mistoboyarka;2026-01-30 14:10;👐 Реабілітація;"Комплексна підтримка ветеранів війни, демобілізованих Захисників і Захисниць України та членів їхніх сімей Боярської громади - у комунальній установі «ВЕТЕРАН ПРО». Хто може отримати допомогу: 🔹ветерани війни; 🔹демобілізовані військовослужбовці; 🔹чле...";https://t.me/mistoboyarka/13778
@mistoboyarka;2026-01-26 08:24;🏥 Медицина;🗓 КНП «Лікарня інтенсивного лікування Боярської міської ради» повідомляє про розклад прийому вузьких спеціалістів консультативно-діагностичного центру на 26–30 січня 2026 року. 📝Запис на консультацію/лікування до вузьких спеціалістів здійснюється за ...;https://t.me/mistoboyarka/13742
@mistoboyarka;2026-01-16 13:45;👐 Реабілітація;📲Державні послуги для ветеранів, ветеранок та їхніх сімей — у кілька кліків. 💼 На платформі Ветеран Pro зібрана перевірена інформація про державні сервіси: лікування й реабілітацію, фінансову підтримку, пільги, навчання, перекваліфікацію, можливості ...;https://t.me/mistoboyarka/13673
@mistoboyarka;2026-01-12 07:30;🏥 Медицина;🗓 КНП «Лікарня інтенсивного лікування Боярської міської ради» повідомляє про розклад прийому вузьких спеціалістів консультативно-діагностичного центру на 12–16 січня 2026 року. 📝Запис на консультацію/лікування до вузьких спеціалістів здійснюється за ...;https://t.me/mistoboyarka/13614
@mistoboyarka;2026-01-05 07:46;🏥 Медицина;🗓 КНП «Лікарня інтенсивного лікування Боярської міської ради» повідомляє про розклад прийому вузьких спеціалістів консультативно-діагностичного центру на 5–9 січня 2026 року. 📝Запис на консультацію/лікування до вузьких спеціалістів здійснюється за на...;https://t.me/mistoboyarka/13552
@brovarycitycouncil;2026-09-21 12:13;🏗️ Інфраструктура;Потрібна психологічна підтримка? Є можливість отримати її безоплатно Міністерство у справах ветеранів України веде Реєстр надавачів послуг із психологічної допомоги для ветеранів і членів їхніх сімей. У ньому можна знайти фахівців та організації, які...;https://t.me/brovarycitycouncil/28171
@brovarycitycouncil;2026-09-21 10:41;⚽ Спорт;Броварські майстри-«рукопашники» взяли активну участь у Кубку Президента з рукопашного бою У селі Поляниця Івано-Франківської області відбувся Кубок Президента України-2026 з рукопашного бою серед представників сектору безпеки й оборони. Турнір прове...;https://t.me/brovarycitycouncil/28159
@brovarycitycouncil;2026-09-16 13:17;🤝 Загальна безбар'єрність;За ініціативи Мінветеранів реалізується програма з надання безоплатних послуг корекції рубцевих змін шкіри після травм та опіків, що діє протягом 2026 року. 🔷️Хто може отримати послуги? ▪️ учасники бойових дій ▪️ особи з інвалідністю внаслідок війни ...;https://t.me/brovarycitycouncil/28026
@brovarycitycouncil;2026-09-16 11:56;🏥 Медицина;Новий сайт про мережу Барнахус в Україні: результати, досвід та корисні матеріали Запрацював національний інформаційно-методичний портал «[Барнахус Україна](https://barnahus.org.ua/)». Тут можна дізнатися, як працює мережа центрів захисту дитини за м...;https://t.me/brovarycitycouncil/28018
@brovarycitycouncil;2026-09-16 10:44;🤝 Загальна безбар'єрність;Презентація результатів опитування з питань гендерної рівності у Броварській громаді Броварська міська територіальна громада спільно з європейськими партнерами з ФРН, Словенії, Греції та Румунії продовжує реалізацію проєкту «Європейські перспективи: ...;https://t.me/brovarycitycouncil/28001
@brovarycitycouncil;2026-09-14 11:03;⚽ Спорт | 👐 Реабілітація;У Броварах відбувся інклюзивний спортивний фестиваль для дітей з особливими потребами під гаслом «Ти важливий, твоя сила вражає» У п’ятницю, 11 вересня, до Дня працівників фізичної культури та спорту України відбувся інклюзивний спортивний фестиваль ...;https://t.me/brovarycitycouncil/27906
@brovarycitycouncil;2026-09-14 07:43;👐 Реабілітація;💙💛 КП «Оздоровчо-реабілітаційний центр» надає безкоштовні оздоровчі, реабілітаційні та психологічні послуги для Захисників і Захисниць України. 🏊 Для Захисників та Захисниць доступні: • відвідування басейну — самостійне плавання, заняття з інструктор...;https://t.me/brovarycitycouncil/27866
@brovarycitycouncil;2026-09-11 11:52;👐 Реабілітація;За силою — характер, за перемогами — щоденна праця Напередодні Дня фізичної культури і спорту міський голова Ігор Сапожко привітав представників спортивної спільноти громади та відзначив тих, хто щодня своєю працею розвиває фізичну культуру і спорт у...;https://t.me/brovarycitycouncil/27845
@brovarycitycouncil;2026-09-02 10:59;👐 Реабілітація;У Броварах відкрили меморіальну дошку на честь Захисника України Івана Самойлова Сьогодні, 2 вересня, у Броварах відбулося відкриття меморіальної дошки на честь нашого земляка Івана Вікторовича Самойлова. Меморіальну дошку встановили на будинку, де ж...;https://t.me/brovarycitycouncil/27613
@brovarycitycouncil;2026-09-01 11:34;👐 Реабілітація;01 вересня під головуванням заступника міського голови Петра Бабича відбулося 44 чергове засідання виконавчого комітету Броварської міської ради Під час засідання члени виконавчого комітету опрацювали та ухвалили 11 проєктів рішень, які стосувалися п...;https://t.me/brovarycitycouncil/27580
@brovarycitycouncil;2026-08-31 11:56;🤝 Загальна безбар'єрність;Реформи в дії: стратегія створення освіти майбутнього Напередодні 1 вересня освітянська спільнота Броварської міської територіальної громади зібралася на традиційному серпневому форумі у Палаці творчості дітей та юнацтва. Подія стала потужним стратег...;https://t.me/brovarycitycouncil/27532
@brovarycitycouncil;2026-08-28 07:36;🤝 Загальна безбар'єрність;Паперове посвідчення ветерана (учасника бойових дій, особи з інвалідністю внаслідок війни, члена родини загиблого) можна відновити у разі втрати або пошкодження. ☝️Водночас важливо знати: електронне посвідчення ветерана у застосунку Дія має таку ж юр...;https://t.me/brovarycitycouncil/27464
@brovarycitycouncil;2026-08-27 12:55;🤝 Загальна безбар'єрність;«БЕЗ МЕЖ»: новий проєкт підтримки ветеранів та їхніх родин в Україні Що передбачає проєкт? Єдина платформа підтримки: зручний доступ до спеціальних пропозицій, знижок на товари та послуги від партнерів проєкту. Професійна реалізація: сприяння працевл...;https://t.me/brovarycitycouncil/27451
@brovarycitycouncil;2026-08-26 10:51;🚌 Транспорт;Днями Бровари мали честь приймати високу представницьку делегацію Європейського Союзу, до складу якої увійшли представники Бундестагу Федеративної Республіки Німеччина та Європейського парламенту. Делегацію очолив Йоханнес Фолькманн (Johannes Volkman...;https://t.me/brovarycitycouncil/27357
@brovarycitycouncil;2026-08-26 10:20;👐 Реабілітація | 🤝 Загальна безбар'єрність;До 31 серпня триває набір до інкубаційної програми StartUp4Family: Kyiv region для команд, громадських організацій та соціальних підприємств, які створюють або планують розвивати рішення для родин ВПО з дітьми у Києві та Київській області. До участі ...;https://t.me/brovarycitycouncil/27346
@brovarycitycouncil;2026-08-26 08:33;👐 Реабілітація;«Карпатський виклик – 2026»: запрошуємо ветеранів до участі 5–6 вересня 2026 року в Ужгороді відбудеться другий етап Всеукраїнського рейтингового турніру «Карпатський виклик» серед військовослужбовців та ветеранів, які отримали поранення внаслідок ві...;https://t.me/brovarycitycouncil/27344
@brovarycitycouncil;2026-08-26 07:53;⚽ Спорт | 🤝 Загальна безбар'єрність;До уваги мешканців громади: затверджено нове Положення про санаторно-курортне оздоровлення Рішенням виконавчого комітету Броварської міської ради від 18.08.2026 № 1009 затверджено Положення про порядок забезпечення санаторно-курортним оздоровленням о...;https://t.me/brovarycitycouncil/27343
@brovarycitycouncil;2026-08-25 08:09;👐 Реабілітація;Повага, гідність та принцип «помічати людину, а не її травму» — це основа взаємодії з людьми з інвалідністю. Розповідаємо, як правильно добирати слова, коли доречно пропонувати допомогу і яких фраз краще уникати у спілкуванні з людиною з ампутованою ...;https://t.me/brovarycitycouncil/27282
@brovarycitycouncil;2026-08-21 10:39;🤝 Загальна безбар'єрність;Міністерство у справах ветеранів України продовжує виплату грошової компенсації за оренду житла відповідно до постанови Кабінету Міністрів України №252. 📌Право на виплату мають: - ветерани й ветеранки зі статусом УБД або особи з інвалідністю внаслідо...;https://t.me/brovarycitycouncil/27178
@brovarycitycouncil;2026-08-19 12:26;🤝 Загальна безбар'єрність;Броварська громада – у діалозі про майбутнє дошкільної освіти! 17 серпня 2026 року Броварська міська територіальна громада підтвердила свою активну позицію у реформуванні дошкільної освіти під час панельної дискусії, організованої Міністерством освіт...;https://t.me/brovarycitycouncil/27109
@brovarycitycouncil;2026-08-19 11:47;👐 Реабілітація;17 серпня у КІП «ТепЛиця» відбулося урочисте відкриття Тижня Незалежності України — «35 років Незалежності: творимо майбутнє разом». Захід, організований КЗ «КІП «ТепЛиця» та КЗ «Броварський міський ветеранський центр «Ветеран Про», об’єднав представ...;https://t.me/brovarycitycouncil/27097
@brovarycitycouncil;2026-08-19 10:29;🚌 Транспорт;"✅ НАГАДУЄМО! 🚖 В нашій громаді працює ""СОЦІАЛЬНЕ ТАКСІ"" 🔼 Тільки за минулий тиждень надано 46 послуг ☝️ Загалом з початку роботи Соціального таксі виконано 2 148 замовлень 📝 На наступний тиждень вже заплановано 42 поїздки ❗️ Для попереднього формуван...";https://t.me/brovarycitycouncil/27087
@brovarycitycouncil;2026-08-19 07:58;🏥 Медицина;👩‍⚕️ Де безоплатно пройти ультразвукове дослідження (УЗД), яке призначив лікар? Розповідаємо докладно УЗД входить до пакета «Профілактика, діагностика, спостереження та лікування в амбулаторних умовах». Тож вам потрібна поліклініка або діагностичний ...;https://t.me/brovarycitycouncil/27062
@brovarycitycouncil;2026-08-18 13:43;⚽ Спорт | 👐 Реабілітація | 🤝 Загальна безбар'єрність;Департамент соціального захисту населення Київської обласної військової адміністрації поновлює прийом заяв про здійснення заходів із реабілітації дитини з інвалідністю за рахунок коштів обласного бюджету відповідно до заходу Київської обласної цільов...;https://t.me/brovarycitycouncil/27033
@brovarycitycouncil;2026-08-14 10:34;🏥 Медицина | 🤝 Загальна безбар'єрність;"Одноразова компенсація людям з інвалідністю, які постраждали від вибухонебезпечних предметів: як отримати ✔️Хто може отримати - люди з інвалідністю; - діти з інвалідністю до 18 років. Якщо інвалідність встановили через ушкодження здоров’я, отримані в...";https://t.me/brovarycitycouncil/26918
@brovarycitycouncil;2026-08-14 07:31;⚽ Спорт | 👐 Реабілітація;Забезпечення дітей з інвалідністю реабілітаційними послугами здійснюється відповідно до постанови Кабінету Міністрів України від 27.12.2019 № 309 «Про затвердження Порядку використання коштів, передбачених у державному бюджеті для здійснення реабіліт...;https://t.me/brovarycitycouncil/26912
@brovarycitycouncil;2026-08-13 07:12;👐 Реабілітація;Шановні ветерани і ветеранки, члени ваших родин, родини зниклих безвісти та сім’ї загиблих Захисників і Захисниць КІП «ТепЛиця» та МВЦ «Ветеран ПРО» 17.08.2026 запрошують на спільну зустріч «Незалежність починається з нас». Це можливість об’єднатися,...;https://t.me/brovarycitycouncil/26871
@brovarycitycouncil;2026-08-12 12:14;⚽ Спорт;📌 Родичі загиблих, полонених та зниклих безвісти ветеранів війни можуть отримати відомості з Єдиного державного реєстру ветеранів війни (ЄДРВВ). ℹ️ Витяг з Реєстру потрібен для підтвердження статусу та оформлення пільг, зокрема щодо: ▪️ поліпшення жи...;https://t.me/brovarycitycouncil/26849
@brovarycitycouncil;2026-08-12 11:03;🤝 Загальна безбар'єрність;За ініціативи Мінветеранів реалізується програма з надання безоплатних послуг корекції рубцевих змін шкіри після травм та опіків, що діє протягом 2026 року. Станом на зараз лікування в межах програми проходять 68 людей. 🔹Хто може отримати послуги? ▪️...;https://t.me/brovarycitycouncil/26842
@brovarycitycouncil;2026-08-11 13:00;⚽ Спорт;🎓 Запрошення дітей до участі в безоплатній освітній програмі Supporting Children of Ukrainian Heroes Благодійний фонд приватного закладу освіти «Міжнародна школа “Львів Брітіш Скул” м. Львів» у межах всеукраїнської благодійної освітньої ініціативи Su...;https://t.me/brovarycitycouncil/26802
@brovarycitycouncil;2026-08-11 10:52;👐 Реабілітація;Надія та підтримка для родин: у Броварах стартував проєкт «Видиме коло» 10 серпня у Броварах відбулася перша зустріч у межах проєкту психосоціальної підтримки «Видиме коло», створеного для матерів, які виховують дітей з розладами аутистичного спектра...;https://t.me/brovarycitycouncil/26790
@brovarycitycouncil;2026-08-10 12:35;⚽ Спорт | 🤝 Загальна безбар'єрність;Мікрофінансування ветеранського бізнесу Український ветеранський фонд Мінветеранів реалізує програму з мікрофінансування ветеранського бізнесу. Програма передбачає компенсацію до 20 тисяч гривень за предмети і товари, придбані для ведення ветерансько...;https://t.me/brovarycitycouncil/26744
@brovarycitycouncil;2026-08-10 10:44;👐 Реабілітація;Як ветеранам і ветеранкам знайти фахівця із супроводу та отримати допомогу 🔹 У громадах по всій Україні вже працюють майже 3000 фахівців із супроводу ветеранів війни та демобілізованих осіб. Їхнє завдання — допомогти Захисникам і Захисницям та їхнім ...;https://t.me/brovarycitycouncil/26730
@brovarycitycouncil;2026-08-06 06:59;👐 Реабілітація;Мінветеранів та Пенсійний фонд України (ПФУ) затвердили Порядок взаємодії працівників територіальних органів ПФУ та фахівців із супроводу ветеранів війни та демобілізованих осіб. Відповідний наказ Мінветеранів (від 30 червня 2026 року № 831) та поста...;https://t.me/brovarycitycouncil/26625
@brovarycitycouncil;2026-08-04 13:41;🤝 Загальна безбар'єрність;«БЕЗ МЕЖ»: новий проєкт підтримки ветеранів та їхніх родин в Україні В умовах триваючої збройної агресії проти України особливого значення набуває створення ефективних механізмів підтримки ветеранів, ветеранок та членів їхніх родин. Йдеться про повно...;https://t.me/brovarycitycouncil/26581
@brovarycitycouncil;2026-08-04 11:18;🏗️ Інфраструктура;🏫 Змінюйте місце реєстрації в гуртожитку — онлайн через Дію Оформлюйте реєстрацію без паперів і візитів до ЦНАП. Подайте заяву на порталі Дія, дочекайтеся погодження від закладу освіти, оплатіть послугу — і очікуйте на рішення про реєстрацію. Як змін...;https://t.me/brovarycitycouncil/26561
@brovarycitycouncil;2026-08-03 12:54;⚽ Спорт;🎓 Безкоштовне навчання для дітей українських Захисників і Захисниць Благодійний фонд Lviv British School у межах всеукраїнської освітньої ініціативи Supporting Children of Ukrainian Heroes запрошує дітей українських Захисників і Захисниць на повністю...;https://t.me/brovarycitycouncil/26532
@brovarycitycouncil;2026-08-03 11:48;🤝 Загальна безбар'єрність;Український аналітичний центр [Інститут Законодавчих Ідей (ІЗІ) ](https://izi.institute/) з 2022 року працює над тим, щоб притягнути агресора до фінансової відповідальності та забезпечити відшкодування завданої шкоди за рахунок росії. Від кількості т...;https://t.me/brovarycitycouncil/26528
@brovarycitycouncil;2026-08-03 08:09;👐 Реабілітація | 🤝 Загальна безбар'єрність;📌 Компенсація витрат на оренду житла для ветеранів та ветеранок Ветерани та ветеранки, які після звільнення зі служби потребують оренди житла, можуть скористатися державною програмою компенсації витрат на найм помешкання. Хто має право на компенсацію...;https://t.me/brovarycitycouncil/26505
@brovarycitycouncil;2026-08-03 07:28;⚽ Спорт | 👐 Реабілітація;🏀 У Броварах відбувся Всеукраїнський турнір зі стрітболу «Hope Wins» на кріслах колісних серед ветеранів У суботу, 1 серпня, на баскетбольному майданчику в парку відпочинку «Перемоги» відбувся Всеукраїнський турнір зі стрітболу «Hope Wins» («Надія пе...;https://t.me/brovarycitycouncil/26495
@brovarycitycouncil;2026-07-31 10:16;👐 Реабілітація;🦷 Безкоштовне зуболікування та протезування для ветеранів і військових Держава компенсує витрати на стоматологічні послуги для УБД, осіб з інвалідністю внаслідок війни та військовослужбовців. Скористатися програмою можна в будь-якому регіоні України,...;https://t.me/brovarycitycouncil/26465
@brovarycitycouncil;2026-07-30 11:09;🤝 Загальна безбар'єрність;Як отримати компенсацію витрат за облаштування робочого місця для людини з інвалідністю 🔹В Україні роботодавці можуть отримати компенсацію за облаштування робочих місць для своїх працівників, які є людьми з інвалідністю. Це стосується і ветеранів й в...;https://t.me/brovarycitycouncil/26434
@brovarycitycouncil;2026-07-28 13:57;👐 Реабілітація;У Броварській громаді відбувся захід, присвячений передачі спеціалізованих триколісних електроскутерів українським захисникам, які внаслідок бойових дій отримали важкі поранення та ампутації. Ініціатива реалізована в межах програми «Турбота» за підтр...;https://t.me/brovarycitycouncil/26366
@brovarycitycouncil;2026-07-28 10:34;👐 Реабілітація;У Броварській стоматології відкрилися нові цифрові можливості! Міський голова Ігор Сапожко відвідав Броварську міську стоматологічну поліклініку, де ознайомився із сучасним високотехнологічним обладнанням, що піднімає якість стоматологічних послуг у ...;https://t.me/brovarycitycouncil/26339
@brovarycitycouncil;2026-07-22 10:25;👐 Реабілітація;ГО «Лікарське товариство Буковини «Взаємопоміч» пропонує співпрацю в межах Синергійної Системи Захисту Життя та Взаємодопомоги — комплексного підходу, спрямованого на підтримку здоров’я, профілактику захворювань, лікування та реабілітацію, зокрема ве...;https://t.me/brovarycitycouncil/26218
@brovarycitycouncil;2026-07-20 10:15;🚌 Транспорт;"🚖 В нашій громаді працює ""СОЦІАЛЬНЕ ТАКСІ"" ✅ За минулий тиждень надано 34 послуги ☝️ Загалом з початку роботи Соціального таксі виконано 1 971 замовлення 📝 На наступний тиждень вже заплановано 34 поїздки ❗️Нагадую – для попереднього формування графік...";https://t.me/brovarycitycouncil/26157
@brovarycitycouncil;2026-07-20 08:45;🚌 Транспорт | ⚽ Спорт | 👐 Реабілітація | 🏗️ Інфраструктура;✅ Нагадуємо! 🔹У Броварському міському ветеранському центрі «Ветеран ПРО» діє послуга соціального таксі для ветеранів. 🔸Запрошуємо ветеранів скористатися послугою соціального таксі — зручною можливістю безпечно та комфортно дістатися до лікарні, держа...;https://t.me/brovarycitycouncil/26142
@brovarycitycouncil;2026-07-17 11:41;🤝 Загальна безбар'єрність;📌 Інформаційна пам’ятка 👤 Якщо у громаді є людина без документів, вона може отримати безоплатні правничі послуги від системи надання безоплатної правничої допомоги (БПД). Система надання БПД — це державна мережа точок доступу до правничих послуг по в...;https://t.me/brovarycitycouncil/26118
@brovarycitycouncil;2026-07-16 08:03;⚽ Спорт | 👐 Реабілітація;[📲Ветеран](https://veteranpro.gov.ua/?fbclid=IwZXh0bgNhZW0CMTAAYnJpZBEybXVMVGNNeXdvRlA1Y3lRc3NydGMGYXBwX2lkEDIyMjAzOTE3ODgyMDA4OTIAAR5nsXmntuMabTOKSavixOpAba2soQ-_ARGMa95MeSnoLSZZteUHCQU5oVVkPA_aem_EvmBi7Myr3t24pRl5ldE7w) PRO — єдина платформа з усіє...;https://t.me/brovarycitycouncil/26096
@brovarycitycouncil;2026-07-15 13:02;👐 Реабілітація;Мінветеранів продовжує виплату грошової компенсації за оренду житла відповідно до постанови КМУ №252. Програма спрямована на підтримку ветеранів, ветеранoк та їхні родини, у яких власне житло втрачено, пошкоджено або тимчасово недоступне, а також у с...;https://t.me/brovarycitycouncil/26077
@brovarycitycouncil;2026-07-14 11:18;🤝 Загальна безбар'єрність;єОселя під 3% для ветеранів, ветеранок та сімей полеглих воїнів доступна з 17 липня Важлива інформація для людей, які захищали Україну, та членів родин тих, хто віддав за неї життя. Вже з 17 липня вже можете скористатися державною програмою доступног...;https://t.me/brovarycitycouncil/26032
@brovarycitycouncil;2026-07-13 08:37;⚽ Спорт;П’ять нагород Людмили Даниліної на Європейських літніх іграх Паралегкоатлетка з Броварської громади Людмила Даниліна у межах Європейських літніх ігор у польському Бидгощі здобула 🔥5️⃣ нагород, три з яких — в особистому заліку. Престижні змагання сере...;https://t.me/brovarycitycouncil/25972
@brovarycitycouncil;2026-07-13 07:42;⚽ Спорт;11 липня у парку відпочинку «Перемога» відбувся ІІІ етап Кубка України з богатирського багатоборства серед ветеранів, які зазнали травм, поранень або захворювань під час чи внаслідок виконання службових обов’язків у районі ведення бойових дій. Змаган...;https://t.me/brovarycitycouncil/25945
@brovarycitycouncil;2026-07-11 19:01;⚽ Спорт;Бровари стали місцем, де сила духу вкотре перемогла будь-які випробування. Наше місто приймало Кубок України з богатирського багатоборства серед ветеранів війни. Понад 110 учасників із усіх куточків України змагалися у 34 дисциплінах, демонструючи не...;https://t.me/brovarycitycouncil/25935
@brovarycitycouncil;2026-07-07 10:54;👐 Реабілітація;❓ Чи можуть лікарі приватних клінік та лікарі-ФОП формувати медичні висновки про тимчасову непрацездатність (МВТН)? Серед пацієнтів і навіть медичних працівників досі поширене переконання, що МВТН, на підставі якого формується е-Лікарняний, можуть ст...;https://t.me/brovarycitycouncil/25825
@brovarycitycouncil;2026-07-06 11:34;🚌 Транспорт;"🚖 В нашій громаді працює ""СОЦІАЛЬНЕ ТАКСІ"" ✅ За минулий тиждень надано 37 послуг ☝️ Загалом з початку роботи Соціального таксі виконано 1 897 замовлень 📝 На наступний тиждень вже заплановано 28 поїздок ❗️Нагадую – для попереднього формування графіку ...";https://t.me/brovarycitycouncil/25773
@brovarycitycouncil;2026-07-06 11:14;👐 Реабілітація;✨🔖В Україні триває інформаційна кампанія «Зміцнені» 🇺🇦 Її мета — пояснити кожному: реабілітація після травм, поранень чи операцій в Україні є доступною та безоплатною. 🏥Реабілітаційні послуги надаються в межах Програми медичних гарантій Вони базуютьс...;https://t.me/brovarycitycouncil/25771
@brovarycitycouncil;2026-07-03 11:09;⚽ Спорт;Ветеранський спорт: подавайте заяву з 1 липня 💪 Ветерани, ветеранки, учасники й учасниці бойових дій та люди з інвалідністю внаслідок війни, отримайте 1 500 грн на заняття спортом у III кварталі 2026 року. Важливо: з 1 до 20 липня подайте нову заяву ...;https://t.me/brovarycitycouncil/25748
@brovarycitycouncil;2026-07-02 13:51;⚽ Спорт | 🤝 Загальна безбар'єрність;Свідки при посвідченні заповіту: коли це обов’язково Плануєте скласти заповіт або допомагаєте це зробити близькій людині? Варто знати, що до посвідчення заповіту можна залучити свідків, а в деяких випадках їхня участь буде обов’язкова. Коли без свідк...;https://t.me/brovarycitycouncil/25719
@brovarycitycouncil;2026-07-02 07:08;⚽ Спорт;27 червня у Львові відбулися всеукраїнські змагання з адаптивних видів спорту «Сила сердець», які об'єднали понад 500 ветеранів війни, учасників бойових дій, військовослужбовців та представників силових структур з усієї України. Команда Київщини, яку...;https://t.me/brovarycitycouncil/25680
@brovarycitycouncil;2026-07-01 13:56;🤝 Загальна безбар'єрність;📢 Із 17 липня 2026 року набирають чинності зміни до державної програми доступного іпотечного кредитування «єОселя», які розширюють можливості для ветеранів, ветеранок та їхніх родин. Що змінюється? ✅ Право на компенсацію частини процентної ставки до ...;https://t.me/brovarycitycouncil/25671
@brovarycitycouncil;2026-07-01 12:35;🏗️ Інфраструктура | 🤝 Загальна безбар'єрність;Маломобільні групи населення: хто вони і чому важливо враховувати їхні потреби У повсякденному житті кожен може опинитися в ситуації, коли пересування чи отримання послуг стає складним. Саме для цього існує поняття маломобільних груп населення — люде...;https://t.me/brovarycitycouncil/25663
@brovarycitycouncil;2026-06-30 10:58;🚌 Транспорт | ⚽ Спорт | 👐 Реабілітація | 🏗️ Інфраструктура;🚕 У Броварському міському ветеранському центрі «Ветеран ПРО» діє послуга соціального таксі для ветеранів Запрошуємо ветеранів скористатися послугою соціального таксі — зручною можливістю безпечно та комфортно дістатися до лікарні, державних установ ч...;https://t.me/brovarycitycouncil/25608
@brovarycitycouncil;2026-06-29 10:35;👐 Реабілітація;До уваги броварчан! ❗️КП «Оздоровчо-реабілітаційний центр» (вул.Героїв Небесної сотні,13-А) ПРИЗУПИНЯЄ роботу з 01 по 27 липня 2026 року для проведення комплексу профілактичних, ремонтно-технічних та санітарно-гігієнічних робіт з метою підтримання на...;https://t.me/brovarycitycouncil/25533
@brovarycitycouncil;2026-06-24 13:41;🤝 Загальна безбар'єрність;🔹 До уваги ветеранів та ветеранок, які повністю або частково втратили зір під час захисту незалежності, суверенітету та територіальної цілісності України! З 1 липня до 31 липня 2026 року триває прийом заяв на отримання одноразової грошової допомоги в...;https://t.me/brovarycitycouncil/25435
@brovarycitycouncil;2026-06-22 12:37;🏥 Медицина;Репродуктивне здоров’я — важлива складова добробуту кожної людини. ℹ️ Публікуємо інформаційні матеріали про медичні послуги у сфері репродуктивного здоров’я, які доступні для мешканців Броварської громади та прилеглих населених пунктів у закладах, що...;https://t.me/brovarycitycouncil/25364
@brovarycitycouncil;2026-06-22 12:04;🤝 Загальна безбар'єрність;Протягом червня фахівці та ветерани війни «Центру фізичного здоров’я» Броварської міської ради відвідали пришкільні табори ліцеїв №1, №3 та №7. Для дітей провели серію спортивно-просвітницьких заходів, спрямованих на популяризацію активного способу ж...;https://t.me/brovarycitycouncil/25345
@brovarycitycouncil;2026-06-17 12:56;🤝 Загальна безбар'єрність;Некоректне слово, надмірна жалість або зверхність можуть стати для людини таким самим бар'єром, як круті сходи. Вони можуть викликати стрес, тривогу та почуття відторгнення. Натомість повага та екологічне спілкування повертають ментальний спокій. До ...;https://t.me/brovarycitycouncil/25223
@brovarycitycouncil;2026-06-17 11:22;🏗️ Інфраструктура;"🚧 Сьогодні під час робочого об'їзду міста побували на двох локаціях, де активно проводяться ремонтні роботи. 🔸Район ""Торгмаш"", вул.Олімпійська 6-6-а. Триває капітальний ремонт міжбудинкового проїзду. Разом з фахівцями управління будівництва, ЖКГ, інф...";https://t.me/brovarycitycouncil/25211
@brovarycitycouncil;2026-06-17 10:25;🤝 Загальна безбар'єрність;🪖 Захисникам та їхнім родинам: запустили комплексну послугу на порталі Дія Тепер отримуйте кілька державних послуг за однією заявою — для чинних і звільнених військовослужбовців та членів сімей загиблих Захисників і Захисниць. Що входить до переліку?...;https://t.me/brovarycitycouncil/25204
@brovarycitycouncil;2026-06-17 07:17;🏗️ Інфраструктура;Як зробити простір доступним: Мінрозвитку та ЛУН Місто презентували практичний посібник Міністерство розвитку громад та територій України спільно з ГО «ЛУН Місто» презентували [практичний посібник](https://mindev.gov.ua/storage/app/sites/1/uploaded-f...;https://t.me/brovarycitycouncil/25180
@brovarycitycouncil;2026-06-11 12:45;👐 Реабілітація;ТЕРАПІЯ ОБІЙМАМИ 10 червня 2026 року на базі закладу дошкільної освіти «Лісова казка» пройшло заняття для педагогів Київської області. Зустріч відбулася в межах курсів підвищення кваліфікації за напрямом «Ментальне здоров'я 2.0: компетентнісний підхі...;https://t.me/brovarycitycouncil/25021
@brovarycitycouncil;2026-06-11 11:41;🏥 Медицина | 🤝 Загальна безбар'єрність;🔎Коли виникає потреба знайти інформацію про програми підтримки, соціальні пільги чи медичні послуги не обов’язково витрачати час на візити до різних установ. Ветеран PRO — це цифровий простір, де ветерани й ветеранки, особи з інвалідністю внаслідок в...;https://t.me/brovarycitycouncil/25019
@brovarycitycouncil;2026-06-11 08:21;⚽ Спорт;📌До 18 червня (включно) триває реєстрація на відбірковий етап Всеукраїнських спортивних змагань «Ігри Ветеранів 2026», що відбудуться у Луцьку. Якщо ви військовослужбовець, ветеран, ветеранка, Захисник чи Захисниця, які отримали поранення або травми ...;https://t.me/brovarycitycouncil/25015
@brovarycitycouncil;2026-06-09 11:21;👐 Реабілітація;Підтримка стане більш швидшою та ефективнішою: Фахівці із супроводу отримали сучасне цифрове середовище для роботи з ветеранською спільнотою 🔹Продовжуємо вдосконалювати систему підтримки ветеранів, ветеранок та їхніх родин. Відтепер фахівці із супров...;https://t.me/brovarycitycouncil/24919
@brovarycitycouncil;2026-06-05 07:29;⚽ Спорт;Відкрито реєстрацію на відбіркові змагання «Ігри Ветеранів 2026» зі стрільби з луку, настільного тенісу та кросфіту Міністерство у справах ветеранів України оголосило про початок реєстрації на відбірковий етап Всеукраїнських спортивних змагань «Ігри ...;https://t.me/brovarycitycouncil/24795
@brovarycitycouncil;2026-06-04 13:29;👐 Реабілітація;🏠 Компенсація оренди житла для ветеранів і ветеранок: хто може отримати підтримку від держави У 2026 році Мінветеранів продовжує реалізацію програми грошової компенсації за оренду житла відповідно до постанови Кабінету Міністрів України №252. Програм...;https://t.me/brovarycitycouncil/24764
@brovarycitycouncil;2026-06-04 09:51;⚽ Спорт;Спортивна риболовля для ветеранів: день єднання, відпочинку та щирих емоцій 3 червня у мальовничому заміському комплексі відпочинку «Озеро «Підкова» в межах проєкту Ветеранської Ліги Броварської міської територіальної громади «Сталева воля» відбулися...;https://t.me/brovarycitycouncil/24747
@brovarycitycouncil;2026-06-04 07:57;🤝 Загальна безбар'єрність;"Впровадження нових цифрових сервісів у мобільному застосунку Дія для ветеранів Інформуємо, що Міністерством у справах ветеранів України забезпечено впровадження нових цифрових сервісів у мобільному застосунку Дія, а саме: ▪️е-Посвідчення ветерана; ▪️...";https://t.me/brovarycitycouncil/24727
@brovarycitycouncil;2026-05-29 10:49;⚽ Спорт;🤝 Броварська громада продовжує підтримувати Дергачівську громаду Харківщини Днями до Броварів із робочим візитом завітав начальник Дергачівської міської військової адміністрації Вячеслав Задоренко. Під час зустрічі обговорили подальші напрямки співпр...;https://t.me/brovarycitycouncil/24533
@brovarycitycouncil;2026-05-29 07:01;⚽ Спорт;Олександра Кононова – лауреат Всеукраїнської премії «Жінка III тисячоліття» 21 травня на урочистій церемонії вручення сімнадцятої Всеукраїнської премії «Жінка III тисячоліття» видатну паралімпійську чемпіонку з біатлону та лижних перегонів, славетну ...;https://t.me/brovarycitycouncil/24499
@brovarycitycouncil;2026-05-28 07:02;⚽ Спорт | 👐 Реабілітація;27 травня в Університеті Григорія Сковороди в Переяславі відбулося підписання тристоронньої угоди про співпрацю між Університетом Григорія Сковороди в Переяславі, комунальним некомерційним підприємством Броварської міської ради «Центр фізичного здоро...;https://t.me/brovarycitycouncil/24470
@brovarycitycouncil;2026-05-20 07:15;🏥 Медицина;До уваги призовників! Нагадуємо, що відповідно до вимог чинного законодавства України громадяни, яким у 2026 році виповнюється 17 років, зобов’язані стати на військовий облік у період з 01 січня по 31 липня 2026 року. Звертаємо увагу, що постановка н...;https://t.me/brovarycitycouncil/24132
@brovarycitycouncil;2026-05-18 08:23;⚽ Спорт;16 травня у Броварах відбувся відкритий чемпіонат Київської області з лижних гонок серед юнаків та дівчат з кросу, а також розіграш командного Кубка Відділення НОК України в Київській області зі спринтерських естафет. 📍 Змагання пройшли у парку «Пере...;https://t.me/brovarycitycouncil/24000
@brovarycitycouncil;2026-05-13 11:27;🏗️ Інфраструктура;📢 Шановні мешканці громади! Департамент містобудування та архітектури Київської області проводить опитування мешканців територіальних громад щодо потреб маломобільних груп населення. Опитування здійснюється в межах виконання завдання 73 заходу 1 План...;https://t.me/brovarycitycouncil/23902
@brovarycitycouncil;2026-05-13 07:58;🚌 Транспорт | ⚽ Спорт | 👐 Реабілітація | 🤝 Загальна безбар'єрність;Оновлено умови надання послуги «Соціальне таксі», яка діє в робочі дні з 08.00 до 20.00 год. ✅ Хто може скористатися послугою? ✔️ особи з інвалідністю І та ІІ групи та діти з інвалідністю з порушенням опорно–рухового апарату ✔️ особи з інвалідністю І...;https://t.me/brovarycitycouncil/23871
@brovarycitycouncil;2026-05-12 13:45;🚌 Транспорт | ⚽ Спорт | 👐 Реабілітація;12 травня під головуванням міського голови Ігоря Сапожка відбулось чергове засідання виконавчого комітету Броварської міської ради. Під час засідання було розглянуто 40 проєктів рішень. Надали адресну матеріальну допомогу 38 мешканцям громади на ліку...;https://t.me/brovarycitycouncil/23834
@brovarycitycouncil;2026-05-11 10:21;🚌 Транспорт;"🚖 В нашій громаді працює ""СОЦІАЛЬНЕ ТАКСІ"" ✅ За минулий тиждень надано 36 послуг ☝️ Загалом з початку роботи Соціального таксі виконано 1 556 замовлень 📝 На наступний тиждень вже заплановано 30 поїздок ❗️Нагадую – для попереднього формування графіку ...";https://t.me/brovarycitycouncil/23756
@brovarycitycouncil;2026-05-07 12:10;⚽ Спорт;🔥 Відкрито реєстрацію на відбірковий етап «Ігри Ветеранів 2026» 🇺🇦 Відсьогодні стартувала реєстрація на відбіркові змагання Всеукраїнського спортивного проєкту Ігри Ветеранів 2026. Захід об’єднає ветеранів й ветеранок з різних куточків країни, де вон...;https://t.me/brovarycitycouncil/23667
@brovarycitycouncil;2026-05-06 11:47;⚽ Спорт | 👐 Реабілітація;Забезпечення дітей з інвалідністю реабілітаційними послугами здійснюється відповідно до постанови Кабінету Міністрів України від 27.12.2019 № 309 «Про затвердження Порядку використання коштів, передбачених у державному бюджеті для здійснення реабіліт...;https://t.me/brovarycitycouncil/23635
@brovarycitycouncil;2026-04-30 08:23;⚽ Спорт | 👐 Реабілітація;Друзі! Щойно закінчилася чергова сесія міської ради. Хочу прокоментувати декілька рішень. Внаслідок війни, на жаль, зростає кількість і військовослужбовців, і цивільних, зокрема осіб з ампутаціями, які потребують ефективної фізичної, психологічної та...;https://t.me/brovarycitycouncil/23408
@brovarycitycouncil;2026-04-30 07:11;🏥 Медицина;Шановні жінки та дівчата, Ваша думка важлива! Опитування щодо доступу до послуг репродуктивного здоров’я Національна Асамблея людей з інвалідністю проводить опитування, щоб зрозуміти, з якими викликами стикаються жінки та дівчата з інвалідністю при з...;https://t.me/brovarycitycouncil/23401
@brovarycitycouncil;2026-04-29 07:09;👐 Реабілітація | 🤝 Загальна безбар'єрність;Вчора відбулася надзвичайно тепла та зворушлива онлайн-розмова Броварського міського голови Ігоря Сапожка з паном Флоріаном Яніком - мером нашого німецького міста-партнера Ерлангена. Оскільки цьогоріч завершується каденція пана Флоріана на посаді міс...;https://t.me/brovarycitycouncil/23357
@brovarycitycouncil;2026-04-22 08:10;⚽ Спорт | 👐 Реабілітація;Глибина, що дарує свободу 🌊 Коли тіло відчуває невагомість, а розум — абсолютну тишу, починається справжнє зцілення. Дайвінг для ветеранів — це не просто екстремальний спорт. Це потужна терапія, де вода стає найкращим реабілітологом. Чому це важливо?...;https://t.me/brovarycitycouncil/23172
@brovarycitycouncil;2026-04-21 12:26;⚽ Спорт;У 2026 році деякі категорії дітей можуть безоплатно отримати послуги з оздоровлення та відпочинку 🌿 Зокрема, це діти військовослужбовців 🇺🇦, загиблих Захисників та Захисниць, внутрішньо переміщених осіб, а також ті, хто проживає у населених пунктах н...;https://t.me/brovarycitycouncil/23136
@brovarycitycouncil;2026-04-20 14:00;👐 Реабілітація | 🏗️ Інфраструктура;Гуманітарний пакет, отриманий від м. Єна та Ерланген, ФРН, в рамках проєкту «Муніципальні партнерства для цивільного захисту та відновлення в Україні», що реалізується товариством GIZ за фінансування Фонду Федерального Міністерства економічного співр...;https://t.me/brovarycitycouncil/23109
@brovarycitycouncil;2026-04-20 11:03;🤝 Загальна безбар'єрність;Сьогодні Київщина системно нарощує власну енергетичну спроможність. Ми всі бачимо, як ворог цілеспрямовано б’є по енергетичній інфраструктурі. І відповідь тут одна — ставати сильнішими і більш незалежними. Не декларативно, а через конкретні рішення н...;https://t.me/brovarycitycouncil/23075
@brovarycitycouncil;2026-04-20 07:20;👐 Реабілітація;"♦️Представники спортивного клубу ""Ахіллес"" відвідали одну з військових частин Національної гвардії України 🫡 ⚪️ У межах реабілітаційно-декомпресійного заходу для поранених та військовослужбовців на відновленні було проведено майстер-клас із петанку. ...";https://t.me/brovarycitycouncil/23040
@brovarycitycouncil;2026-04-17 08:13;⚽ Спорт;Розширена нарада щодо стану та перспектив розвитку фізичної культури, спорту і молодіжної політики в Київській області відбулася 15 квітня в Київській обласній військовій адміністрації. У межах заходу пройшла церемонія нагородження олімпійців та пара...;https://t.me/brovarycitycouncil/23008
@brovarycitycouncil;2026-04-16 12:24;👐 Реабілітація;Послуги, що надає Оздоровчо-реабілітаційний центр у Броварах, користуються великим попитом у броварчан, а особливо - у наших ветеранів, які потребують спеціальних реабілітаційних заходів після травм та поранень. Віднедавна в ОРЦ відкрито оновлений ка...;https://t.me/brovarycitycouncil/22976
@brovarycitycouncil;2026-04-16 07:43;⚽ Спорт;На Київщині відверто говоримо про розвиток спорту і молодіжної політики разом зі спортсменами, їх тренерами та громадами. Особливу увагу приділяємо тим, хто своїми результатами представляє область і країну на найвищому рівні. Вручив сертифікат на 700...;https://t.me/brovarycitycouncil/22972
@brovarycitycouncil;2026-04-10 10:52;👐 Реабілітація;Пілотний проєкт Міністерства соціальної політики в рамках Всеукраїнської програми ментального здоров’я “Ти як?” за ініціативи Першої леді Олени Зеленської передбачає створення у громадах Центрів життєстійкості, де кожна людина безкоштовно може отрима...;https://t.me/brovarycitycouncil/22840
@brovarycitycouncil;2026-04-10 08:01;🤝 Загальна безбар'єрність;Жінки формують майбутнє своїх громад – і політики також Структура ООН Жінки в Україні відкриває реєстрацію на нову серію тренінгів з жіночого лідерства й політичної участі у межах ініціативи She Leads Ukraine. Тренінги з політичної участі жінок відбу...;https://t.me/brovarycitycouncil/22836
@brovarycitycouncil;2026-04-10 07:56;🚌 Транспорт;"🚖 В нашій громаді працює ""СОЦІАЛЬНЕ ТАКСІ"" ❗️Нагадую – для попереднього формування графіку необхідно надати заявку (за два дні до запланованої поїздки, крім екстрених випадків). 🤳 З питань роботи соціального таксі звертайтеся за телефонами: ☎️063-115...";https://t.me/brovarycitycouncil/22835
@brovarycitycouncil;2026-04-09 13:13;⚽ Спорт | 🤝 Загальна безбар'єрність;Поховання Захисників і Захисниць України на Національному військовому меморіальному кладовищі: роз’яснення та порядок дій Надаємо узагальнену інформацію для родин загиблих (померлих) Захисників і Захисниць України щодо організації поховання на Націон...;https://t.me/brovarycitycouncil/22826
@brovarycitycouncil;2026-04-09 12:18;🏥 Медицина;👥 Особа без громадянства — це людина, яку жодна держава у світі юридично не визнає своїм громадянином. Без паспорта й офіційних документів вона опиняється поза системою — ніби без права на повноцінну участь у суспільному житті. В Україні близько 236 ...;https://t.me/brovarycitycouncil/22818
@brovarycitycouncil;2026-04-08 09:02;👐 Реабілітація;Друзі! ✅ Сьогодні провели позачергову сесію міської ради. 🤝 Дякую депутатському корпусу за одностайність у прийнятті важливих, в основному фінансових рішень. Продовжуємо виконувати основну місію сьогодення - допомагати ЗСУ. Близько 14 млн. грн. виділ...;https://t.me/brovarycitycouncil/22788
@brovarycitycouncil;2026-04-06 13:45;⚽ Спорт | 👐 Реабілітація;🏆 Минулими вихідними у Чернігові відбулися Всеукраїнські змагання серед ветеранів війни - «Кубок Серцевіра», які вкотре об’єднали незламних духом людей з усієї країни. ♦️ Броварську громаду представили ветерани спортивного клубу «Ахіллес», взявши уча...;https://t.me/brovarycitycouncil/22723
@brovarycitycouncil;2026-04-06 12:55;👐 Реабілітація | 🏗️ Інфраструктура;Грантовий проєкт «Простір відкритих можливостей» Грантовий проєкт «Простір відкритих можливостей» — це новий сучасний простір, створений громадською організацією «Броварська міськрайонна організація Товариства Червоного Хреста України» для мешканців ...;https://t.me/brovarycitycouncil/22692
@brovarycitycouncil;2026-04-06 09:00;⚽ Спорт;У межах Всеукраїнського проєкту «Пліч-о-пліч: згуртовані громади» Броварська громада приймала гостей із Дергачівської громади Харківської області — 10 юних боксерів разом із двома супроводжуючими. Під час візиту діти побували на вечорі боксу «У кожно...;https://t.me/brovarycitycouncil/22660
@brovarycitycouncil;2026-04-06 07:58;⚽ Спорт;У суботу, 4 квітня, у Броварах відбувся вечір боксу «У кожного своя мрія» 🥊 — подія, яка залишить слід у серцях усіх, хто був присутній. Київщина зібрала сильних людей у ринзі: професійних боксерів, аматорів і наших ветеранів 💪🇺🇦. Це був вечір характ...;https://t.me/brovarycitycouncil/22649
@brovarycitycouncil;2026-04-05 08:37;⚽ Спорт | 👐 Реабілітація;У Броварах відбувся вечір боксу «У кожного своя мрія» — подія, яка залишить слід у серцях усіх, хто був присутній. Київщина зібрала сильних людей у ринзі: професійних боксерів, аматорів і наших ветеранів. Це був вечір характеру і незламності. Особлив...;https://t.me/brovarycitycouncil/22613
@brovarycitycouncil;2026-03-31 10:01;🚌 Транспорт;"Друзі! 🚖 Нагадую про те, що в нашій громаді працює ""СОЦІАЛЬНЕ ТАКСІ"" ✅ За минулий тиждень надано 31 послугу За тиждень послугою скористались: - 8 осіб з інвалідністю 1 групи - 10 осіб з інвалідністю 2 групи - 1 особа з інвалідністю 3 групи - 7 осіб з...";https://t.me/brovarycitycouncil/22462
@brovarycitycouncil;2026-03-26 16:36;🤝 Загальна безбар'єрність;Підписав меморандум про співпрацю зі Швейцарсько-українським проєктом DECIDE на новий чотирирічний термін. Продовжуємо системну роботу над трансформацією освіти Київщини разом із міжнародними партнерами. Для нашої команди це рішення про довгострокову...;https://t.me/brovarycitycouncil/22348
@brovarycitycouncil;2026-03-26 15:09;⚽ Спорт | 👐 Реабілітація;Тренуємось разом із Артемом Хребетом «Грізлі». Готуємось до великого вечора боксу на Київщині. Для наших ветеранів спорт — це не лише фізична активність. Це про відновлення, про силу характеру, про повернення до активного життя поруч із побратимами і...;https://t.me/brovarycitycouncil/22346
@brovarycitycouncil;2026-03-26 14:29;👐 Реабілітація;Стажування триває: нові локації — нові враження Стажування лідерів Ради дітей та учнівської молоді Броварської міської територіальної громади продовжується, і кожен наступний день приносить не менш яскраві враження та цінний практичний досвід. Наша а...;https://t.me/brovarycitycouncil/22337
@brovarycitycouncil;2026-03-24 11:43;⚽ Спорт;Паралімпійці Броварської громади удостоєні державних нагород за виступи на XIV Зимових Паралімпійських іграх Учора, 23 березня, Президент України Володимир Зеленський зустрівся зі спортсменами національної паралімпійської збірної України – чемпіонами...;https://t.me/brovarycitycouncil/22238
@brovarycitycouncil;2026-03-22 18:36;⚽ Спорт;Готуємося до великого вечора боксу на Київщині. Сьогодні провели тренування разом із ветеранами у бійцівському клубі SpartaBox. Попрацювали у ринзі, відпрацювали техніку, поспілкувалися. Такі зустрічі — не лише про спорт. Вони про підтримку, силу дух...;https://t.me/brovarycitycouncil/22146
@brovarycitycouncil;2026-03-18 08:43;⚽ Спорт;🇺🇦 Спортсмени Київщини вибороли 6 медалей для збірної України під час XIV зимових Паралімпійських ігор Команда Київської області забезпечила третину медального доробку збірної України на XIV зимових Паралімпійських іграх Milano Cortina 2026. Київщину...;https://t.me/brovarycitycouncil/22028
@brovarycitycouncil;2026-03-17 13:25;👐 Реабілітація;🩺 Довготривалий медичний догляд — підтримка, яка триває і після лікування ❓ Як отримати послугу довготривалого медичного догляду безоплатно? Куди звертатися і які документи необхідні? Які послуги передбачені та скільки коштує один цикл такого догляду...;https://t.me/brovarycitycouncil/22016
@brovarycitycouncil;2026-03-16 10:59;⚽ Спорт;🇺🇦 Відділом фізичної культури та спорту Броварської міської ради, управлінням з питань ветеранської політики Броварської міської ради та Броварським МВЦ «ВЕТЕРАН ПРО» була започаткована Ветеранська ліга Броварської громади «Сталева воля», яка включає...;https://t.me/brovarycitycouncil/21964
@brovarycitycouncil;2026-03-16 09:09;⚽ Спорт;В італійських Мілані та Кортіні-д'Ампеццо з 6 по 15 березня проходили Зимові Паралімпійські ігри-2026, на яких Україну представляли 25 атлетів-паралімпійців та 10 спортсменів-гайдів у чотирьох видах спорту: біатлоні, лижних перегонах, гірськолижному ...;https://t.me/brovarycitycouncil/21947
@brovarycitycouncil;2026-03-12 09:17;👐 Реабілітація | 🤝 Загальна безбар'єрність;ГРОШОВА КОМПЕНСАЦІЯ ЗАХИСНИКАМ ТА ЗАХИСНИЦЯМ ЗА НАЙМ ( ОРЕНДУ ) НИМИ ЖИТЛОВИХ ПРИМІЩЕНЬ Право на отримання грошової компенсації за найм (оренду) житлових приміщень надається: ✅ особам, які були призвані на військову службу за призовом під час мобіліз...;https://t.me/brovarycitycouncil/21815
@brovarycitycouncil;2026-03-12 08:59;⚽ Спорт;🏀 ГАРТ 2026: відкрито реєстрацію на спортивний табір та змагання з баскетболу на кріслах колісних для ветеранів і ветеранок. У квітні у Львові відбудеться подія, що об’єднує силу 💪, витривалість, підтримку та справжній командний дух 🤝 📅 20–24 квітня ...;https://t.me/brovarycitycouncil/21814
@brovarycitycouncil;2026-03-11 13:34;👐 Реабілітація;В межах реалізації Всеукраїнської програми ментального здоров’я “Ти як?”, за ініціативи Першої леді Олени Зеленської, в Україні було розроблено та презентовано комплексний інфобокс щодо взаємодії з людьми, які пережили полон, тортури, ізоляцію, сексу...;https://t.me/brovarycitycouncil/21802
@brovarycitycouncil;2026-03-11 12:44;⚽ Спорт;7 березня в місті Луцьк відбулися чемпіонат України з кіокушинкай карате (ІСО) серед спортсменів віком 10–15 років та Всеукраїнський турнір «Маленький воїн» (5–9 років), присвячений пам’яті шихана Дмитра Волинця. У змаганнях взяли участь 450 спортсме...;https://t.me/brovarycitycouncil/21797
@brovarycitycouncil;2026-03-10 13:14;🤝 Загальна безбар'єрність;⚡️У 2026 році ДТЕК Київські регіональні електромережі продовжує соціальну ініціативу «Світло вдячності», спрямовану на підтримку ветеранів, учасників бойових дій та їхніх родин. У межах програми клієнти можуть отримати знижку до 1200 грн (розмір зниж...;https://t.me/brovarycitycouncil/21767
@brovarycitycouncil;2026-03-09 13:51;🚌 Транспорт;Нові можливості для громади: Броварська громада отримала спеціалізовані мікроавтобуси від міст-партнерів Єни та Ерлангена Броварська міська територіальна громада продовжує зміцнювати міжнародне співробітництво, спрямоване на підтримку мешканців та ст...;https://t.me/brovarycitycouncil/21740
@brovarycitycouncil;2026-03-09 08:31;🚌 Транспорт | 🤝 Загальна безбар'єрність;"Друзі! 🚖 Нагадую про те, що в нашій громаді працює ""СОЦІАЛЬНЕ ТАКСІ"" ✅ За минулий тиждень надано 41 послугу За тиждень послугою скористались: - 14 осіб з інвалідністю 1 групи - 8 осіб з інвалідністю 2 групи - 2 особи з інвалідністю 3 групи - 8 осіб з...";https://t.me/brovarycitycouncil/21718
@brovarycitycouncil;2026-03-07 11:53;⚽ Спорт;🇺🇦 Переможні новини з Паралімпіади! Броварчанка Олександра Кононова виборола «золото» у спринті у класі стоячи на Паралімпіаді-2026! Уславлена спортсменка втретє в кар'єрі стала паралімпійською чемпіонкою у біатлоні. Це її перша золота медаль за 12 р...;https://t.me/brovarycitycouncil/21709
@brovarycitycouncil;2026-02-25 08:31;👐 Реабілітація;У Броварах відбулася важлива подія для всієї громади — відкриття ветеранського центру «ВЕТЕРАН ПРО» Центр створено для того, щоб ветерани та їхні родини могли отримати комплексну допомогу: психологічну та юридичну підтримку, консультації з працевлашт...;https://t.me/brovarycitycouncil/21432
@brovarycitycouncil;2026-02-25 06:33;⚽ Спорт | 👐 Реабілітація;У Броварах відкрили ветеранський простір. Він став 17-м таким простором на Київщині, який працює для підтримки наших Захисників і Захисниць, їхніх родин та сімей загиблих Героїв. Якщо раніше ветеранський простір у громаді функціонував на базі культур...;https://t.me/brovarycitycouncil/21414
@brovarycitycouncil;2026-02-24 09:39;👐 Реабілітація;Сьогодні — чотири роки від дня, коли агресор був переконаний, що зламає Україну за лічені дні. Дата, яка замислювалася як фінал нашої державності, але яка стала точкою обʼєднання нашого народу. Та боротьба почалася не тоді. Вона триває з 2014 року — ...;https://t.me/brovarycitycouncil/21367
@brovarycitycouncil;2026-02-23 15:01;🏗️ Інфраструктура;БФ «Право на захист» проводить збір даних для участі в програмі багатоцільової грошової допомоги ✅місто БРОВАРИ, вул. Героїв України, буд. 18, 3-й поверх (мала зала) Вівторок, 03.03.2026, 10:00-16:00 Жива черга Ви можете звертатися до наших пунктів з...;https://t.me/brovarycitycouncil/21354
@brovarycitycouncil;2026-02-23 13:33;👐 Реабілітація | 🏥 Медицина;"Які види державної підтримки передбачені родинам Героїв Небесної сотні 🔹МЕДИЧНІ ГАРАНТІЇ ✅ Безоплатно: ▪️ліки та вироби медичного призначення за рецептами лікарів; ▪️зубопротезування (крім протезів із дорогоцінних металів); ▪️щорічні медичні обстежен...";https://t.me/brovarycitycouncil/21350
@brovarycitycouncil;2026-02-23 13:02;👐 Реабілітація;Безбар’єрність у дитячій реабілітації: підтримка сім’ї як ключ до результату Коли йдеться про безбар’єрність у сфері охорони здоров’я, у фокусі зазвичай перебуває пацієнт. Водночас у дитячій реабілітації саме сім’я є щоденним партнером мультидисциплі...;https://t.me/brovarycitycouncil/21339
@brovarycitycouncil;2026-02-20 12:50;🚌 Транспорт | 🤝 Загальна безбар'єрність;"Друзі! 🚖 Нагадую про те, що в нашій громаді працює ""СОЦІАЛЬНЕ ТАКСІ"" ✅ За минулий тиждень надано 30 послуг За тиждень послугою скористались: - 11 осіб з інвалідністю 1 групи - 10 осіб з інвалідністю 2 групи - 1 особа з інвалідністю 3 групи - 2 особи ...";https://t.me/brovarycitycouncil/21314
@brovarycitycouncil;2026-02-20 08:33;👐 Реабілітація | 🤝 Загальна безбар'єрність;Відтепер доступ до безоплатних послуг із зубопротезування та планової стоматологічної допомоги матимуть люди з інвалідністю внаслідок аварії на Чорнобильській АЕС, а також — люди, віднесені до категорії 1 постраждалих, зокрема хворі на променеву хвор...;https://t.me/brovarycitycouncil/21290
@brovarycitycouncil;2026-02-18 13:27;👐 Реабілітація;Друзі! Нагальною потребою в умовах сьогодення є організація якнайкращих умов для відновлення та реабілітації наших захисників. У Броварській багатопрофільній клінічній лікарні вже успішно функціонує відділення реабілітації під керівництвом Лілії Мико...;https://t.me/brovarycitycouncil/21243
@brovarycitycouncil;2026-02-18 09:49;⚽ Спорт | 🤝 Загальна безбар'єрність;Уряд оновив Порядок та умови забезпечення професійної адаптації (постанова КМУ №1595 від 26 листопада 2025 року). ✅ Змінами запроваджено єдину форму тристороннього договору про забезпечення професійної адаптації, яку затверджено Мінветеранів. Договір...;https://t.me/brovarycitycouncil/21240
@brovarycitycouncil;2026-02-13 09:59;👐 Реабілітація;🔸Міжнародна співпраця та допомога від наших партнерів та щирих друзів з Німеччини триває. 🔹Сьогодні отримано новий гуманітарний пакет від м. Єна та м.Ерланген (Німеччина) в рамках проєкту «Муніципальні партнерства для цивільного захисту та відновленн...;https://t.me/brovarycitycouncil/21084
@brovarycitycouncil;2026-02-10 09:50;🚌 Транспорт | 🤝 Загальна безбар'єрність;"Друзі! 🚖 Нагадую про те, що в нашій громаді працює ""СОЦІАЛЬНЕ ТАКСІ"" ✅ За минулий тиждень надано 30 послуг За тиждень послугою скористались: - 12 осіб з інвалідністю 1 групи - 2 особи з інвалідністю 2 групи - 4 особи з інвалідністю 3 групи - 9 осіб з...";https://t.me/brovarycitycouncil/21010
@brovarycitycouncil;2026-02-10 09:03;👐 Реабілітація;⚡️Дорослі і діти можуть отримати безоплатну реабілітацію внаслідок травми, поранення, операції чи тяжкої хвороби. До реабілітації входять: відновлення руху, мовлення, повсякденних навичок, психологічна підтримка, навчання родичів догляду — за індивід...;https://t.me/brovarycitycouncil/21008
@brovarycitycouncil;2026-02-09 12:54;⚽ Спорт;📢 Одноразова матеріальна допомога одному із членів родини загиблого захисника чи захисниці України, які брали участь в АТО/ООС або у заходах щодо забезпечення відсічі збройної агресії російської федерації, на вирішення соціально-побутових питань (в т...;https://t.me/brovarycitycouncil/20967
@brovarycitycouncil;2026-02-06 12:16;⚽ Спорт;⛷ Сьогодні увечері буде дано старт 25х Зимових Олімпійських ігор в Італії. 🔸З цієї нагоди сьогодні у Броварах відбулася урочиста церемонія підняття Державного прапору України та Прапору Національного Олімпійського комітету України за участі ветеранів...;https://t.me/brovarycitycouncil/20879
@brovarycitycouncil;2026-02-05 11:52;⚽ Спорт | 🤝 Загальна безбар'єрність;📢 ВИДАЧА ЛИСТІВ ТАЛОНІВ НА ПРАВО ОДЕРЖАННЯ ОСОБАМ З ІНВАЛІДНІСТЮ ВНАСЛІДОК ВІЙНИ ПРОЇЗНИХ ДОКУМЕНТІВ (КВИТКІВ) БЕЗОПЛАТНО І З 50 % ЗНИЖКОЮ ЇХ ВАРТОСТІ Право на отримання надається Захисникам та Захисницям України 🇺🇦 📍 Умова отримання допомоги: - Випл...;https://t.me/brovarycitycouncil/20862
@brovarycitycouncil;2026-02-04 09:46;👐 Реабілітація;🎗 4 лютого відзначається Всесвітній день боротьби проти раку. Метою проведення є привернення уваги населення до важливості профілактики та вчасного виявлення захворювання, що дозволяє отримати високі шанси на повне одужання. У Броварах уже понад 11 р...;https://t.me/brovarycitycouncil/20824
@brovarycitycouncil;2026-02-03 14:13;⚽ Спорт | 🏥 Медицина | 🤝 Загальна безбар'єрність;📢 НАДАННЯ СТАТУСУ ОСОБИ З ІНВАЛІДНІСТЮ ВНАСЛІДОК ВІЙНИ З ЧИСЛА ЗАХИСНИКІВ ЧИ ЗАХИСНИЦЬ УКРАЇНИ ВСТАНОВЛЕННЯ СТАТУСУ ОСОБИ З ІНВАЛІДНІСТЮ ВНАСЛІДОК ВІЙНИ, ВИДАЧА ПОСВІДЧЕННЯ 📍Посвідчення особи з інвалідністю внаслідок війни надається особам, які: - за...;https://t.me/brovarycitycouncil/20799
@brovarycitycouncil;2026-02-03 09:08;🤝 Загальна безбар'єрність;Щодня і щоночі підступно та підло російські терористи завдають ударів по нашій енергетиці, намагаючись зламати українців темрявою та холодом. Вони цілеспрямовано б’ють по об’єктах критичної інфраструктури в період аномально сильних морозів, залишаючи...;https://t.me/brovarycitycouncil/20776
@brovarycitycouncil;2026-02-03 08:53;🏥 Медицина;148 ОКРЕМА АРТИЛЕРІЙСЬКА ЖИТОМИРСЬКА БРИГАДА ІНФОРМУЄ Сила. Точність. Професіоналізм. 🔥Сила у Вогні. 148-ма окрема артилерійська бригада сформована у 2023 році на базі 148-го окремого гаубичного самохідного артилерійського дивізіону ДШВ. З перших дні...;https://t.me/brovarycitycouncil/20775
@brovarycitycouncil;2026-02-02 12:55;⚽ Спорт;Україна тріумфально й безкомпромісно заявила про себе на Кубку світу з лижних перегонів FIS, що з 28 січня по 1 лютого відбувся у польському Якушице — на тих самих трасах, де нещодавно змагалися парабіатлоністи. Саме тут пролягла фінальна, вирішальна...;https://t.me/brovarycitycouncil/20742
@brovarycitycouncil;2026-01-30 13:35;👐 Реабілітація;Державні послуги для ветеранів, ветеранок та їхніх сімей — у кілька кліків. Питання підтримки, пільг і можливостей є актуальними. На платформі Ветеран Pro зібрана перевірена інформація про державні сервіси: лікування й реабілітацію, фінансову підтрим...;https://t.me/brovarycitycouncil/20686
@brovarycitycouncil;2026-01-28 08:28;⚽ Спорт;📢 Забезпечення відпочинком дітей віком з 7 до 18 років Захисників та Захисниць України, які брали участь в ато/оос або у заходах щодо забезпечення відсічі збройної агресії рф. Право на отримання надається Захисникам та Захисницям України ✅ Умова отри...;https://t.me/brovarycitycouncil/20602
@brovarycitycouncil;2026-01-27 11:39;⚽ Спорт;Українці – перші на кубкові світу з пара біатлону в польському Якушице ⛷Національна паралімпійська збірна команда України яскраво виступила на кубкові світу з парабіатлону, який з 22 до 25 січня проходив у центрі зимових видів спорту Польщі – м. Якуш...;https://t.me/brovarycitycouncil/20552
@brovarycitycouncil;2026-01-27 11:29;⚽ Спорт | 👐 Реабілітація;📢 НАДАННЯ МАТЕРІАЛЬНОЇ ДОПОМОГИ НА ЛІКУВАННЯ ТА РЕАБІЛІТАЦІЮ ЗАХИСНИКАМ ТА ЗАХИСНИЦЯМ УКРАЇНИ Право на отримання надається Захисникам та Захисницям України 🇺🇦 📍 Умова отримання допомоги: - Виплата надається виключно громадянам, які зареєстровані у Бр...;https://t.me/brovarycitycouncil/20551
@brovarycitycouncil;2026-01-26 08:33;⚽ Спорт;📢 ОФОРМЛЕННЯ ПІЛЬГ НА ЖИТЛОВО-КОМУНАЛЬНІ ПОСЛУГИ ДЛЯ ЗАХИСНИКІВ ТА ЗАХИСНИЦЬ УКРАЇНИ Умова отримання допомоги: - Виплата надається виключно громадянам, які зареєстровані у Броварській міській територіальній громаді (у тому числі ВПО). ℹ️ Програма діє...;https://t.me/brovarycitycouncil/20484
@brovarycitycouncil;2026-01-26 08:29;⚽ Спорт | 👐 Реабілітація;У Броварах провели заняття з дайвінгу для ветеранів Броварської громади 🤿 В суботу, 25 січня, в броварському басейні «Купава» відбулося заняття з дайвінгу для військовослужбовців і ветеранів у рамках їх фізичної та психологічної реабілітації. Це були...;https://t.me/brovarycitycouncil/20474
@brovarycitycouncil;2026-01-26 07:45;🚌 Транспорт | 🤝 Загальна безбар'єрність;"Друзі! 🚖 Нагадую про те, що в нашій громаді працює ""СОЦІАЛЬНЕ ТАКСІ"" ✅За минулий тиждень надано 29 послуг Послугою скористались: - 6 осіб з інвалідністю 1 групи - 5 осіб з інвалідністю 2 групи - 2 особи з інвалідністю 3 групи - 5 осіб з невиліковною ...";https://t.me/brovarycitycouncil/20465
@brovarycitycouncil;2026-01-23 08:56;👐 Реабілітація;19–21 січня в селищі Яворів Львівської області, на базі Західного реабілітаційно-спортивного центру НКСІУ, відбувся чемпіонат України з лижних гонок серед ветеранів лижного спорту. Представники дев’яти областей України взяли участь у цих змаганнях. Ч...;https://t.me/brovarycitycouncil/20445
@brovarycitycouncil;2026-01-22 11:23;⚽ Спорт;📢 ЧАСТКОВЕ ВІДШКОДУВАННЯ ВАРТОСТІ КТ ТА/АБО МРТ В РОЗМІРІ 50% Право на отримання надається Захисникам та Захисницям України ✅ Умова отримання допомоги: - Виплата надається виключно громадянам, які зареєстровані у Броварській міській територіальній гр...;https://t.me/brovarycitycouncil/20408
@brovarycitycouncil;2026-01-21 09:02;👐 Реабілітація;[Платформа Ветеран PRO](https://veteranpro.gov.ua/) створена як зручна точка доступу до державних послуг, сервісів і програм підтримки для ветеранської спільноти. Державні послуги щодо соціального захисту та фінансової підтримки для ветеранів та вете...;https://t.me/brovarycitycouncil/20382
@brovarycitycouncil;2026-01-20 11:56;👐 Реабілітація | 🤝 Загальна безбар'єрність;Реабілітація — це — коли повертаєш рухову активність після поранення 🏃‍♂️ — коли знову стаєш самостійним після інсульту 💪 — коли бачиш, як твоя дитина реагує на цей світ і радіє йому попри складні обставини 🌟 Реабілітація — це коли можеш отримати фах...;https://t.me/brovarycitycouncil/20352
@brovarycitycouncil;2026-01-20 09:09;⚽ Спорт;Двома бронзовими медалями завершили змагання етапу Кубка світу з паралижних гонок у німецькому Фінстерау українські паралімпійці, змагаючись із представниками 25 країн світу. Прикінцеву бронзову крапку поставила у змішаній естафеті команда у складі: ...;https://t.me/brovarycitycouncil/20349
@brovarycitycouncil;2026-01-19 11:31;⚽ Спорт | 👐 Реабілітація | 🤝 Загальна безбар'єрність;❗Передостанній день подачі заявок: отримайте 1 500 грн на заняття спортом 📲Подавайтеся на участь у програмі “Ветеранський спорт” вже зараз та отримуйте щокварталу 1 500 грн на заняття спортом. Басейн, зал чи йога — обирайте те, що підходить. Важливо ...;https://t.me/brovarycitycouncil/20309
@brovarycitycouncil;2026-01-19 09:03;👐 Реабілітація | 🏥 Медицина;Послуги для здоров’я та відновлення ветеранів і ветеранок 👇 Держава забезпечує доступ до таких напрямів підтримки: 🔹 Лікування — первинна та паліативна медична допомога, офтальмологічні послуги, програма «Доступні ліки». 🔹 Протезування — протези кінц...;https://t.me/brovarycitycouncil/20302
@brovarycitycouncil;2026-01-14 13:49;⚽ Спорт | 🤝 Загальна безбар'єрність;Мінветеранів оплачує навчання водінню авто для ветеранів й ветеранок з інвалідністю. 🔹Керування автівкою у наші дні є одним з ключових елементів самостійності та мобільності, зокрема для ветеранів й ветеранок з інвалідністю. Вони мають можливість без...;https://t.me/brovarycitycouncil/20226
@brovarycitycouncil;2026-01-12 14:02;⚽ Спорт;Мінветеранів оплачує навчання водінню авто для ветеранів й ветеранок з інвалідністю. Роз'яснюємо, як скористатися 🔹Керування автівкою у наші дні є одним з ключових елементів самостійності та мобільності, зокрема для ветеранів й ветеранок з інвалідніс...;https://t.me/brovarycitycouncil/20142
@brovarycitycouncil;2026-01-08 14:14;👐 Реабілітація;⏰ Гнучкий графік — один із інструментів безбар’єрної праці Безбар’єрність у сфері праці — це не лише доступні будівлі чи обладнання. Це також можливість працювати у такому режимі, який не шкодить здоров’ю та враховує потреби людини. Саме такий підхід...;https://t.me/brovarycitycouncil/20073
@brovarycitycouncil;2026-01-06 09:07;⚽ Спорт | 👐 Реабілітація;Броварська міська влада і відділ фізичної культури та спорту Броварської міської ради, керуючись новою редакцією ст. 36-2 Закону України «Про фізичну культуру і спорт», приділяють велику увагу розвитку ветеранського спорту і підтримці ветеранів та уч...;https://t.me/brovarycitycouncil/19975
@brovarycitycouncil;2026-01-05 13:50;👐 Реабілітація | 🏥 Медицина;На базі Київської обласної державної адміністрації створено гарячу лінію для постраждалих від ВНП: +380505614154 +380668089103 За зазначеними номерами гарячої лінії можна отримати детальні роз’яснення та повну інформацію про доступні послуги, правила...;https://t.me/brovarycitycouncil/19957
@bucha_city;2026-09-20 14:50;👐 Реабілітація;🌿 У Бучі щотижня проходять безкоштовні заняття «Стійкість у саморозвитку». Навчитися вести сторінку в Instagram, створювати Stories та відео, працювати з презентаціями або зробити перший крок до реалізації власної ідеї – цьому навчають під час занять...;https://t.me/bucha_city/51632
@bucha_city;2026-09-15 16:22;🏗️ Інфраструктура;"🌱Еко-клас у Бучі: хто і як може ним скористатись. Екологічний клас у Бучанській громаді – це безоплатний простір для освітніх, молодіжних та екологічних заходів. Простір можна використовувати для: 🔸занять з екологічної освіти та садівництва; 🔸майстер...";https://t.me/bucha_city/51389
@bucha_city;2026-09-13 13:01;👐 Реабілітація;🏥 У Бучі працює відділення амбулаторної комплексної реабілітації. У Бучанському консультативно-діагностичному центрі можна пройти комплексну реабілітацію після поранень, операцій, інсультів, травм та при захворюваннях опорно-рухового апарату. У відді...;https://t.me/bucha_city/51316
@bucha_city;2026-09-12 06:44;👐 Реабілітація;🔴 Масована атака по Україні: ворог випустив ракети та понад 100 дронів. Є загиблі та десятки поранених, серед них – діти. Зафіксовано влучання у 20 локаціях. Більшість цілей знешкодила ППО, однак є постраждалі. Наслідки по регіонах: 🔸Одещина: 21 пора...;https://t.me/bucha_city/51264
@bucha_city;2026-09-09 08:32;⚽ Спорт | 👐 Реабілітація | 🤝 Загальна безбар'єрність;👁️Безоплатні послуги адаптації для ветеранів і ветеранок, які втратили зір. Міністерство у справах ветеранів України продовжило на 2026 рік реалізацію ініціативи із соціальної та побутової адаптації для Захисників з частковою або повною втратою зору....;https://t.me/bucha_city/51143
@bucha_city;2026-09-08 14:59;👐 Реабілітація;💪 Стійкість у саморозвитку: вчимося створювати відео для соцмереж. Хочете навчитися створювати якісні та цікаві відео для Instagram, TikTok та інших соціальних мереж просто зі смартфона? Бучанський центр життєстійкості запрошує на інформаційну сесію ...;https://t.me/bucha_city/51116
@bucha_city;2026-09-04 07:10;👐 Реабілітація;🫶 Єдина система турботи: у Бучанській громаді об’єднують зусилля медиків та фахівців із супроводу для підтримки ветеранів. У просторі «Ветеран ПРО» відбулася зустріч за участі заступниці Бучанського міського голови Людмили Риженко, очільника простору...;https://t.me/bucha_city/50955
@bucha_city;2026-09-01 10:29;⚽ Спорт | 🤝 Загальна безбар'єрність;Бучанські ветерани – серед найкращих! 🇺🇦💪 159 спортсменів – ветеранів війни, учасників бойових дій, військовослужбовців та представників силових структур з усієї України – зійшлися у національному відборі до офіційної збірної України на міжнародні зм...;https://t.me/bucha_city/50858
@bucha_city;2026-08-31 13:30;🤝 Загальна безбар'єрність;✨ Простір рівних можливостей: у Бучі відбулося засідання спільноти вихователів інклюзивних груп. Освітяни Бучанської громади розпочали підготовку до нового навчального року. Головна мета зустрічі – об'єднати педагогів та задати вектор для формування ...;https://t.me/bucha_city/50821
@bucha_city;2026-08-25 06:21;⚽ Спорт;🏔️«Друге дихання»: у Бучі до Дня Незалежності України відбувся показ документального фільму – історії п’ятьох українських військовослужбовців, які зазнали тяжких поранень на фронті, але знайшли в собі сили знову кинути собі виклик і підкорити Кіліман...;https://t.me/bucha_city/50530
@bucha_city;2026-08-20 10:15;🏗️ Інфраструктура;⚠️ Завтра, 21 серпня, у Бучанському консультативно-діагностичному центрі буде обмежений прийом пацієнтів. У медцентрі проводитимуть ремонтні роботи – зокрема, монтаж лінолеуму. Нагадуємо, наразі в закладі триває капітальний ремонт, спрямований на ств...;https://t.me/bucha_city/50362
@bucha_city;2026-08-18 16:46;🤝 Загальна безбар'єрність;«Новий старт: можливості для ВПО в Бучанській громаді». У Бучанській громаді відбувся інформаційний захід, присвячений підтримці внутрішньо переміщених осіб та можливостям для їхнього розвитку. Учасники говорили про працевлаштування, навчання, започа...;https://t.me/bucha_city/50294
@bucha_city;2026-08-18 08:35;👐 Реабілітація;🫂 У Бучанській громаді працюють фахівці із супроводу учасників бойових дій та демобілізованих осіб. Уже 508 ветеранів у громаді отримують супровід. Фахівці працюють у всіх старостинських округах та допомагають ветеранам, ветеранкам і їхнім родинам ви...;https://t.me/bucha_city/50279
@bucha_city;2026-08-17 16:14;⚽ Спорт;🏆 Три медалі для Бучі на рейтингових змаганнях «Звитяга Нескорених» у Львові. Представники Бучанської громади гідно представили Київщину на змаганнях з адаптивного спорту. 🔸Дмитро Старіков виборов два перших місця: у жимі лежачи та у веслуванні на тр...;https://t.me/bucha_city/50265
@bucha_city;2026-08-16 13:05;👐 Реабілітація;💛«П’ятничні посиденьки»: щоп’ятниці у Бучанському центрі життєстійкості проходять ресурсні кола для жінок. Це простір для відпочинку, щирого спілкування, підтримки та відновлення. Під час зустрічей учасниці говорять про емоційний стан, стосунки, само...;https://t.me/bucha_city/50233
@bucha_city;2026-08-13 10:02;👐 Реабілітація;🏇Іпотерапія – час для відновлення та позитивних емоцій Ветерани та їхні діти провели час на сеансі іпотерапії, який організував ветеранський простір «Ветеран ПРО» спільно з відділенням реабілітації Бучанського консультативно-діагностичного центру. До...;https://t.me/bucha_city/50101
@bucha_city;2026-08-12 17:55;⚽ Спорт | 👐 Реабілітація | 🏗️ Інфраструктура;♿️Доступність як стандарт: у Бучі проінспектували новий державний Ветеранський простір, який перебуває на етапі будівництва. Для того, аби майбутній осередок був максимально зручним та відповідав усім інклюзивним вимогам, на обʼєкті провели виїзну пе...;https://t.me/bucha_city/50087
@bucha_city;2026-08-11 06:30;👐 Реабілітація;🔑 «Ключ до себе»: у Бучанському центрі життєстійкості відбулися «П’ятничні посиденьки». Цього разу учасниці долучилися до тренінгу, присвяченого самопізнанню, внутрішнім потребам та пошуку власних опор. Під час зустрічі говорили про те, що іноді стра...;https://t.me/bucha_city/50031
@bucha_city;2026-08-10 14:55;👐 Реабілітація;📱«Instagram з нуля»: у Бучанському центрі життєстійкості проведуть інформаційну сесію про ведення соцмереж. Соціальні мережі сьогодні можуть бути не лише способом спілкування, а й інструментом для професійного розвитку, самопрезентації, пошуку нових ...;https://t.me/bucha_city/50025
@bucha_city;2026-08-07 13:34;🤝 Загальна безбар'єрність;🚗 Безкоштовне навчання в автошколах для ветеранів та їхніх сімей. Ветерани війни та члени їхніх сімей можуть безкоштовно пройти навчання керуванню автомобілем та отримати посвідчення водія в межах програми професійної адаптації за кошти державного бю...;https://t.me/bucha_city/49933
@bucha_city;2026-08-07 09:33;⚽ Спорт;💰10 000 000 грн грантового фонду : в Україні стартував третій сезон освітньо-грантової програми «Траєкторія». Програма спрямована на підтримку та розвиток ветеранського бізнесу. Учасники зможуть: 🔸пройти навчання зі стратегії розвитку та масштабуванн...;https://t.me/bucha_city/49924
@bucha_city;2026-08-06 11:06;⚽ Спорт | 👐 Реабілітація;У Бучі завершуємо будівництво державного ветеранського простору. Він стане одним із перших таких центрів в Україні та прийматиме ветеранів з усього Бучанського району. Будівля буде повністю безбар’єрною. Тут облаштовуємо реабілітаційний спортзал, при...;https://t.me/bucha_city/49898
@bucha_city;2026-08-04 10:09;👐 Реабілітація;🌞 У Бучанському центрі життєстійкості працює Клуб підлітків: відкрито набір до нової групи. Підлітковий вік – період змін, пошуку себе та формування особистості. Саме тому функціонує безпечний простір для спілкування, психологічної підтримки та особи...;https://t.me/bucha_city/49819
@bucha_city;2026-08-02 16:06;🏗️ Інфраструктура;Шість головних подій цього тижня: 🔸Бучанська громада передала 16 підрозділам ЗСУ 36 Starlink, 29 генераторів, станцію керування БпЛА, 800 кг філаменту для 3D-друку, автобус MAN та вантажівку Volkswagen T4 загальною вартістю понад 2,1 млн грн. 🔸У Синя...;https://t.me/bucha_city/49762
@bucha_city;2026-07-30 11:31;👐 Реабілітація;✨ Творчість, підтримка та нові знайомства: у Бучанському центрі життєстійкості відбулися заняття для дітей і підлітків. Під час другого заняття Клубу підлітків учасники працювали разом із психологом центру, спілкувалися, ділилися своїми думками та оп...;https://t.me/bucha_city/49653
@bucha_city;2026-07-29 18:01;👐 Реабілітація | 🏗️ Інфраструктура;Соціальні та реабілітаційні послуги – безкоштовно та поруч: у Бучанській громаді працює Центр комплексного розвитку та підтримки дітей👦✨ У закладі облаштовані сучасні кабінети фізичної реабілітації, сенсорної терапії, кімнату самообслуговування та ін...;https://t.me/bucha_city/49635
@bucha_city;2026-07-29 07:00;🏗️ Інфраструктура;Було і стало: у парку «Диво» в Бучі повністю оновили дитячий майданчик. Замість старих конструкцій тепер тут сучасний, яскравий та інклюзивний простір для дітей різного віку. Плануємо поступово змінювати й інші дитячі майданчики громади, зокрема в ме...;https://t.me/bucha_city/49624
@bucha_city;2026-07-27 15:25;⚽ Спорт | 🤝 Загальна безбар'єрність;🚗 Ветерани та ветеранки можуть оформити автоцивілку без власних витрат. Держава запровадила механізм компенсації вартості поліса автоцивілки для ветеранів і ветеранок. Половину його вартості компенсує держава, ще 50% надає страхова компанія у вигляді...;https://t.me/bucha_city/49586
@bucha_city;2026-07-27 11:52;👐 Реабілітація;🎨Алгоритм гармонії: у Бучанському центрі життєстійкості відбувся творчий захід з нейрографіки. Під час чергової зустрічі «Код моєї гармонії: Алгоритм ресурсного стану» учасники опановували арттерапевтичні техніки для психологічного перезавантаження т...;https://t.me/bucha_city/49576
@bucha_city;2026-07-27 07:01;👐 Реабілітація;Щороку цього дня ми дякуємо всім нашим медичним працівникам: лікарям, бойовим медикам, медичним сестрам і братам, фельдшерам, парамедикам, усім працівникам екстреної медичної допомоги, усім, хто працює в лікарнях, реанімаціях, операційних, стабілізац...;https://t.me/bucha_city/49559
@bucha_city;2026-07-25 14:43;👐 Реабілітація;💙 Ментальне здоров’я – це основа нашої стійкості. Піклуючись про інших, важливо не забувати й про себе. Фахівці Бучанського центру життєстійкості провели ресурсне коло для працівників шелтеру Святої Ольги, які щодня підтримують людей, що опинилися у ...;https://t.me/bucha_city/49515
@bucha_city;2026-07-24 16:16;🚌 Транспорт | 👐 Реабілітація;❤️‍🩹 Соціальна підтримка поруч, але турботу рідних вона не замінить. Бучанський міський голова Анатолій Федорук провів робочу нараду із соціальними працівниками Бучанського центру соціальних послуг та психологічної допомоги. Під час зустрічі обговори...;https://t.me/bucha_city/49490
@bucha_city;2026-07-24 11:45;👐 Реабілітація;⭐️ Вихідні у Бучанській громаді: події, до яких варто долучитися. Ми підготували для вас добірку спортивних, благодійних, сімейних та культурних заходів, які відбудуться цими вихідними. 🔸 Фінал Кубка Бучанської районної асоціації футболу. У вирішальн...;https://t.me/bucha_city/49488
@bucha_city;2026-07-23 13:33;👐 Реабілітація;✨«Код моєї гармонії: Алгоритм ресурсного стану» – у Бучанському центрі життєстійкості відбудеться арттерапевтична зустріч. Це творчій захід, який допоможе відновити внутрішній ресурс, знайти натхнення та приділити час собі. Під час події учасники: 🔸 ...;https://t.me/bucha_city/49442
@bucha_city;2026-07-21 10:05;👐 Реабілітація;📱Опануйте мобільний монтаж: у Бучі відбудеться безкоштовне навчання зі створення контенту для Instagram. Практична інформаційна сесія допоможе опанувати затребувану навичку для розвитку власної справи, особистого бренду чи професійного зростання. Під...;https://t.me/bucha_city/49373
@bucha_city;2026-07-16 17:19;🏗️ Інфраструктура | 🤝 Загальна безбар'єрність;«Форум соціальних змін: шляхи підтримки літніх людей від переміщення до інтеграції». У Бучі відбувся міжрегіональний форум присвячений підтримці та адаптації літніх людей і маломобільних груп населення, зокрема ВПО. Захід зібрав близько 100 представн...;https://t.me/bucha_city/49218
@bucha_city;2026-07-16 14:26;👐 Реабілітація;Після звільнення з російського полону та реабілітації Богдан Щерба повернувся додому, до рідної Луб’янки. Чотири роки і чотири місяці він провів у російській неволі як цивільний. На Богдана чекали рідні, друзі й уся Бучанська громада, яка зустрічала ...;https://t.me/bucha_city/49209
@bucha_city;2026-07-15 10:15;👐 Реабілітація;🇱🇺 Юні мешканці Бучанської громади проводять літні канікули у місті-побратимі Штрассен (Люксембург). У межах програми реабілітації та психосоціальної підтримки діти з Бучанської громади перебувають у Люксембурзі, де знайомляться з історією, культурою...;https://t.me/bucha_city/49151
@bucha_city;2026-07-12 16:09;⚽ Спорт | 👐 Реабілітація;🤝🇺🇦Єднання, підтримка та дитячі усмішки: у Бучі відбувся Сімейний ветеранський фестиваль до Дня Української державності! Сьогодні Пластовий вишкільний центр об’єднав ветеранів, їхні родини, а також сім’ї загиблих, безвісти зниклих і військовополонени...;https://t.me/bucha_city/49068
@bucha_city;2026-07-08 17:47;👐 Реабілітація;🦷 Безкоштовні стоматологічні послуги для ветеранів та пільгових категорій: як отримати допомогу в Бучанському консультативно-діагностичному центрі. Тут пацієнтам доступне все необхідне без жодних доплат: від невідкладного лікування гострого болю та с...;https://t.me/bucha_city/48969
@bucha_city;2026-07-06 15:31;👐 Реабілітація;💼 Управління соціальної політики Бучанської міської ради запрошує на роботу. Це можливість отримати стабільну роботу, професійно розвиватися та працювати на благо громади. Наразі відкрито такі вакансії: 🔸Спеціаліст відділу з обслуговування ветеранів ...;https://t.me/bucha_city/48891
@bucha_city;2026-07-05 15:11;👐 Реабілітація;Літо з користю: безкоштовні заняття для дітей у Бучанському центрі життєстійкості. Щосереди у Бучанському центрі життєстійкості проходять безкоштовні заняття, які допомагають зміцнити емоційний стан, розвинути навички спілкування та знайти нових друз...;https://t.me/bucha_city/48859
@bucha_city;2026-07-04 17:15;🚨 Укриття;🫡Інспектори КП «Муніципальна безпека» щодня дбають про порядок в укриттях Бучанської громади. В умовах постійної загрози ракетних та дронових атак укриття мають бути готовими прийняти людей у будь-який момент. Під час перевірок інспектори контролюють...;https://t.me/bucha_city/48829
@bucha_city;2026-06-30 17:13;👐 Реабілітація;🧠🎨 У Бучанському центрі життєстійкості завершили першу в Україні Art&Tech-програму «Коло стійкості: Мистецька регенерація громад». Пілотний цикл авторської програми Олени Ензель складався із семи комплексних сесій та поєднав психосоціальну підтримку,...;https://t.me/bucha_city/48701
@bucha_city;2026-06-27 06:54;👐 Реабілітація;🇺🇦Підтримка звільнених з полону жителів громади триває. Кожна така зустріч – це можливість особисто почути про потреби людей, які пройшли через надзвичайно складні випробування. Цього разу заступниця Бучанського міського голови Людмила Риженко та кер...;https://t.me/bucha_city/48536
@bucha_city;2026-06-25 12:21;👐 Реабілітація;🌿 У Бучанському центрі життєстійкості відбудеться заняття з основ психічного здоров’я та саундхілінгу. У сучасних умовах особливо важливо дбати про свій емоційний стан, вчасно відновлювати внутрішні ресурси та знаходити підтримку. Під час зустрічі уч...;https://t.me/bucha_city/48474
@bucha_city;2026-06-23 11:37;👐 Реабілітація;🕯️Схиляємо голови в жалобі: у Бабинцях проводжають в останню путь 38-річного Героя Олександра Власенка. Воїн став на захист рідної землі з перших днів повномасштабного вторгнення. Він визволяв Київську та Чернігівську області, а згодом боронив Україн...;https://t.me/bucha_city/48411
@bucha_city;2026-06-22 09:32;👐 Реабілітація;Попрощаємось із Героєм. 38-річний житель Бабинців Олександр Власенко відійшов у вічність. Із перших днів повномасштабної війни Олександр став на захист України. Брав участь у звільненні Київщини та Чернігівщини, а згодом виконував бойові завдання на ...;https://t.me/bucha_city/48368
@bucha_city;2026-06-21 14:53;🏗️ Інфраструктура;💊 Доступна медицина: у Синяківському старостаті офіційно відкрили нову аптеку. Аптечний пункт №3 мережі «Аптека Фенікс Фарм» запрацював за адресою: с. Синяк, вул. Київська, 60. Раніше в селі не було жодного закладу такого типу, тож відкриття аптеки п...;https://t.me/bucha_city/48354
@bucha_city;2026-06-18 18:04;⚽ Спорт;🛵12 ветеранів Бучанської громади отримали сучасні триколісні електроскутери. Сьогодні у Ветеранському просторі захисникам передали новий транспорт. Це стало можливим завдяки обласній програмі «Турбота», ініціативі голови Київської обласної ради Яросл...;https://t.me/bucha_city/48267
@bucha_city;2026-06-18 11:41;👐 Реабілітація;🦋 Символ легкості та літній настрій: у Бучанському центрі життєстійкості пройшло ресурсне заняття для дітей. Разом із фахівцями діти говорили про довгоочікуване літо, ділилися планами на канікули та розповідали про те, що допомагає їм почуватися щасл...;https://t.me/bucha_city/48252
@bucha_city;2026-06-18 10:06;👐 Реабілітація | 🏥 Медицина;🏥 Медичні послуги – максимально доступно та зрозуміло: НСЗУ підготувала «Гід для ветеранів: простими словами про медичні гарантії 2026». Це практичний посібник, який допомагає швидко орієнтуватися в безоплатних медичних послугах, гарантованих державо...;https://t.me/bucha_city/48251
@bucha_city;2026-06-11 10:41;👐 Реабілітація;💼 Управління соціальної політики Бучанської міської ради запрошує на роботу спеціалістів. Наразі відкрито кілька вакансій у різних напрямках соціальної роботи, ветеранської політики та адміністративного супроводу. 🔸Спеціаліст із функціями супроводу п...;https://t.me/bucha_city/48024
@bucha_city;2026-06-07 12:04;🏗️ Інфраструктура;♿️Доступність як стандарт: водії КП «Бучатранссервіс» успішно завершили навчання з безбар’єрності та отримали сертифікати. Інтенсивний курс «Безбар’єрність в автобусі: Знати. Вміти. Практикувати» пройшов увесь водійський склад підприємства. Завдяки ц...;https://t.me/bucha_city/47920
@bucha_city;2026-06-05 16:26;👐 Реабілітація;Історія довіри: до Центру комплексного розвитку та підтримки дітей завітав один із тих, хто повірив у нього ще до його відкриття. Бучу відвідав виконавчий директор Міжнародної благодійної організації «Надія і дім для дітей» Марк Веддінгтон. Цей візит...;https://t.me/bucha_city/47869
@bucha_city;2026-06-05 10:53;⚽ Спорт;🏉 В Україні стартує спортивний табір та змагання з регбі на кріслах колісних для ветеранів і військовослужбовців. Це можливість відновитися, знайти підтримку однодумців, випробувати себе у новому виді спорту та провести час у колі тих, хто розуміє з ...;https://t.me/bucha_city/47853
@bucha_city;2026-06-04 14:00;🤝 Загальна безбар'єрність;🫂Повага, рівність та простір без кордонів: у Бучанському ліцеї пройшов Тиждень безбар'єрності. Протягом тижня учні ліцею брали участь у тематичних заняттях, інтерактивних вправах та творчих активностях, де вчилися краще розуміти потреби інших. Адже б...;https://t.me/bucha_city/47826
@bucha_city;2026-05-30 14:42;👐 Реабілітація;🛼 Юна бучанка гідно представила громаду на Міжнародному кубку зі спідскейтингу в Італії! Учениця 2-Г класу Бучанського ліцею №9 Софія Червоняк виступила на змаганнях Vesmaco «Memorial Sergio Rossi» (International Vesmaco Race). Міжнародний кубок прох...;https://t.me/bucha_city/47639
@bucha_city;2026-05-22 09:30;👐 Реабілітація;🌊 У Бучанському центрі життєстійкості відбудеться Art&Tech воркшоп «Занурення: Простір глибинного спокою та творчості». Це особливий творчий простір для ментального відновлення, де через атмосферу світла, візуальних ефектів та мистецтва учасники змож...;https://t.me/bucha_city/47299
@bucha_city;2026-05-17 12:15;👐 Реабілітація;🌿Сучасні стандарти ментального здоров'я: фахівчині Бучанської громади взяли участь у міжнародній конференції «Повернення». Дводенна масштабна подія зібрала понад 200 експертів, урядовців та спікерів зі США, Ізраїлю та Ірландії. У центрі уваги – створ...;https://t.me/bucha_city/47111
@bucha_city;2026-05-15 11:11;🏗️ Інфраструктура;Безбар’єрність – наша постійна практика: завершуємо навчання водіїв КП «Бучатранссервіс» ♿️ Цього тижня відбувся другий етап інтенсиву «Знати. Вміти. Практикувати». Наша мета – щоб кожен водій громади володів навичками інклюзивного сервісу. Цього раз...;https://t.me/bucha_city/47028
@bucha_city;2026-05-14 15:29;👐 Реабілітація;427 захисників, захисниць та членів їхніх родин Бучанської громади вже перебувають у супроводі «ВетеранПРО» Буча. І це лише за три місяці роботи. За цей час команді вдалося вибудувати системну підтримку ветеранів, їхніх родин, сімей загиблих Героїв т...;https://t.me/bucha_city/46994
@bucha_city;2026-05-13 16:34;👐 Реабілітація;🌿 У Бучанському центрі життєстійкості відбулося заключне заняття курсу «Батьківство без стресу»: курс про підтримку, усвідомлене виховання та гармонію в сім’ї. Протягом навчання учасники отримували практичні знання та навички, які допомагають краще р...;https://t.me/bucha_city/46955
@bucha_city;2026-05-13 12:04;👐 Реабілітація;🖲️VR-технології на варті ментального здоров’я ветеранів. У Бучі проведуть перший сеанс інноваційної VR-реабілітації. Це сучасний метод психологічного відновлення, який вже довів свою ефективність у боротьбі з тривожністю та наслідками бойового стресу...;https://t.me/bucha_city/46951
@bucha_city;2026-05-12 10:29;⚽ Спорт | 👐 Реабілітація;🎯У просторі «Ветеран PRO»відбулося заняття з дартсу. Майстер-клас об’єднав ветеранів, їхні родини та всіх охочих, які прагнули активно й корисно провести час у колі однодумців. Учасники мали можливість ознайомитися з основами гри, спробувати свої сил...;https://t.me/bucha_city/46922
@bucha_city;2026-05-07 16:34;🤝 Загальна безбар'єрність;Буча офіційно відкрила власне представництво в Європейському комітеті регіонів у Брюсселі. Це новий рівень міжнародної присутності громади та ще один крок до сильної інтеграції в європейський простір. Такі представництва відкривають містам прямий дос...;https://t.me/bucha_city/46748
@bucha_city;2026-05-05 13:07;👐 Реабілітація;🌿 У Бучанському центрі життєстійкості відбулося заняття з основ психічного здоров’я з елементами нейрографіки – «Активація внутрішнього коду». Під час зустрічі учасниці поєднали аналітичний підхід і творчі практики нейрографіки, щоб краще зрозуміти с...;https://t.me/bucha_city/46664
@bucha_city;2026-05-05 10:12;⚽ Спорт | 👐 Реабілітація;🎯Активне та корисне дозвілля у Бучі: у просторі «Ветеран ПРО» відбудеться майстерклас із дартсу. Дартс як адаптивний вид спорту допомагає покращити концентрацію, координацію та емоційний стан, а також є чудовою можливістю відволіктися та провести час...;https://t.me/bucha_city/46660
@bucha_city;2026-05-04 16:25;🤝 Загальна безбар'єрність;📢 Відкрито бронювання коштів за житловими ваучерами для ВПО з тимчасово окупованих територій. Уряд передбачив 6,6 млрд грн на фінансування програми забезпечення житлом внутрішньо переміщених осіб. ❓ Як забронювати кошти? 1️⃣ Подайте заявку на бронюва...;https://t.me/bucha_city/46640
@bucha_city;2026-05-04 11:58;👐 Реабілітація;✨ У Бучі стартувала перша в Україні Art&Tech програма ментального відновлення – «Коло стійкості: Мистецька регенерація громад». У Бучанському Центрі життєстійкості розпочалася унікальна програма авторства Олени Ензель, що поєднує класичне мистецтво т...;https://t.me/bucha_city/46634
@bucha_city;2026-05-02 17:15;👐 Реабілітація;Навіки у строю… У Ворзелі попрощалися із захисником – Дмитром Назаренком. Чоловік долучився до лав Збройних Сил України у 2023 році, аби вірно та віддано захищати нашу державу. 22 січня Дмитро отримав поранення. Після цього проходив тривалу реабіліта...;https://t.me/bucha_city/46595
@bucha_city;2026-05-02 09:15;👐 Реабілітація;У Ворзелі проводжають в останню путь 37-річного захисника Дмитра Назаренка. Дмитро став на захист України у 2023 році. Під час виконання бойового завдання на Донецькому напрямку 22 січня отримав поранення. Він проходив тривалу реабілітацію, з’являлас...;https://t.me/bucha_city/46577
@bucha_city;2026-05-01 12:48;👐 Реабілітація;Через отримані на фронті поранення пішов із життя 37-річний Дмитро Назаренко. Дмитро народився і виріс у Ворзелі. У мирному житті працював на різних роботах, щиро любив тварин і музику. У 2023 році став до лав Збройних Сил України. 22 січня на Донець...;https://t.me/bucha_city/46557
@bucha_city;2026-04-30 09:00;👐 Реабілітація;До Бучі з робочим візитом завітала Маріко Укійо – керівниця Національної асоціації фахівців психічного здоровʼя Японії та засновниця центру «Шібуя Хімаварі», який із 2022 року допоміг уже понад 1500 українцям у Японії відновити психологічний стан. Її...;https://t.me/bucha_city/46512
@bucha_city;2026-04-28 12:27;🤝 Загальна безбар'єрність;🤝 «Податкова підтримка ветеранського підприємництва: можливості та підтримка на Київщині»: у Бучі відбулася зустріч щодо розвитку бізнесу та працевлаштування ветеранів. Захід став регіональним продовженням системної співпраці між Державною податковою...;https://t.me/bucha_city/46435
@bucha_city;2026-04-28 08:24;👐 Реабілітація;🗣️ Бучанський центр життєстійкості представив свій досвід на Національному форумі життєстійкості у Києві. Представники нашої громади долучилися до масштабної події, що об’єднала понад 250 Центрів життєстійкості з усієї країни. Наш центр на форумі пре...;https://t.me/bucha_city/46432
@bucha_city;2026-04-25 13:07;⚽ Спорт | 🏗️ Інфраструктура;♿️ Буча стає другим містом в Україні, де впроваджують інклюзивні стандарти пасажирських перевезень. Команда КП «Бучатранссервіс» розпочала інтенсивний курс для водіїв «Безбар’єрність в автобусі: Знати. Вміти. Практикувати». Переймаючи досвід колег зі...;https://t.me/bucha_city/46358
@bucha_city;2026-04-23 17:16;⚽ Спорт | 👐 Реабілітація;«Ветерани – це рушійна сила, яку треба правильно спрямувати». Саме з таким розумінням рухаємось далі. У рамках підписаного Меморандуму про партнерство між Ветеран ПРО. Буча, Федерацією стронгмену України та Українською федерацією спорту ветеранів вій...;https://t.me/bucha_city/46302
@bucha_city;2026-04-23 11:54;👐 Реабілітація;🫶23 квітня весь світ відзначає Міжнародний день психолога. У часи випробувань робота цих фахівців стала невід'ємною частиною нашого життя. Від першої розмови, коли щось усередині змінюється, – до глибинного відновлення, коли крок за кроком повертаєшс...;https://t.me/bucha_city/46296
@bucha_city;2026-04-22 12:50;👐 Реабілітація;✨У Бучі відбудеться творчо-терапевтичне заняття «Мікросвіт спокою: відкрий свою внутрішню силу». Це можливість відновити емоційний ресурс, відчути гармонію з собою, наповнитися позитивною енергією та провести час у творчій атмосфері. У програмі заход...;https://t.me/bucha_city/46263
@bucha_city;2026-04-22 06:29;⚽ Спорт;🏆 Бучанські спортсмени у складі збірної Київщини здобули дві перемоги на старті Чемпіонату України з волейболу сидячи! Роман Сухостав та Олег Богуш успішно представили громаду на першому етапі Чемпіонату України серед учасників бойових дій та осіб з ...;https://t.me/bucha_city/46245
@bucha_city;2026-04-20 11:32;🤝 Загальна безбар'єрність;Сьогодні Київщина системно нарощує власну енергетичну спроможність. Ми всі бачимо, як ворог цілеспрямовано б’є по енергетичній інфраструктурі. І відповідь тут одна — ставати сильнішими і більш незалежними. Не декларативно, а через конкретні рішення н...;https://t.me/bucha_city/46205
@bucha_city;2026-04-18 14:25;⚽ Спорт | 👐 Реабілітація;🎾 Петанк для кожного: у Бучі відбувся відкритий майстер-клас. Петанк – це не лише цікаве дозвілля, а й спорт, що розвиває влучність, об’єднує людей та допомагає емоційно відновлюватися. Особливе значення гра має як інструмент реабілітації та соціаліз...;https://t.me/bucha_city/46161
@bucha_city;2026-04-18 11:50;👐 Реабілітація;🎨 Теплі посиденьки у Бучі: у Центрі життєстійкості відбулися заняття «НейроТрансформація». У просторі зібралися, щоб поспілкуватися, підтримати одне одного, покращити психоемоційний стан і, звісно, зануритися у захопливий світ нейрографіки. Це глибок...;https://t.me/bucha_city/46156
@bucha_city;2026-04-16 18:11;🏗️ Інфраструктура;Безбар’єрність – це не привілей, а норма: ветеран Валентин Олексієнко проінспектував автобусні маршрути КП «Бучатранссервіс». Керівник простору «ВетеранПРО» на власному досвіді перевірив, наскільки муніципальний транспорт громади зручний для людей на...;https://t.me/bucha_city/46082
@bucha_city;2026-04-16 15:40;⚽ Спорт | 👐 Реабілітація;🎾 Петанк для кожного: у Бучанському міському парку відбудеться відкрите тренування та майстер-клас. Запрошуємо мешканців та гостей громади познайомитися з інтелектуальним видом спорту, який об’єднує покоління. Петанк-клуб «Кульмайстер» за підтримки «...;https://t.me/bucha_city/46075
@bucha_city;2026-04-15 14:25;👐 Реабілітація;🎬 У Бучі відбудеться відкритий показ документального фільму «Нові герої» режисера Романа Бондарчука. Ця стрічка – про силу звичайних українців, їхню незламність та боротьбу за справедливість. Запрошуємо мешканців та гостей міста разом переглянути три...;https://t.me/bucha_city/46039
@bucha_city;2026-04-13 11:20;🤝 Загальна безбар'єрність;Міжнародна співпраця та нові освітні можливості: до Бучі завітали представники Міжнародної федерації фахівців з нерухомості FIABCI. Президент Міжнародної Федерації Фахівців з Нерухомості FIABCI international Антоніо Кампаньйолі, президентка ГО «ФІАБС...;https://t.me/bucha_city/45965
@bucha_city;2026-04-13 09:40;👐 Реабілітація;💝 «Картина нашої любові»: у Бучанському центрі життєстійкості відбувся теплий захід для мам з дітьми. Учасниці разом із малечею зібралися, щоб поговорити про важливе – стосунки, взаєморозуміння та підтримку в родині. Особливою частиною зустрічі стала...;https://t.me/bucha_city/45957
@bucha_city;2026-04-11 15:00;👐 Реабілітація;Переймаємо досвід у найкращих: делегація на чолі з заступницею Бучанського міського голови Людмилою Риженко відвідали реабілітаційний центр UNBROKEN у Львові. UNBROKEN – унікальний центр, де щодня відбувається фізичне й психологічне відновлення. Тут ...;https://t.me/bucha_city/45919
@bucha_city;2026-04-08 11:41;👐 Реабілітація;🧘‍♀️У Бучі відбудеться особливе заняття для відновлення внутрішньої гармонії. Дозвольте собі паузу і турботу про себе та відвідайте унікальний тренінг з основ психічного здоров’я з елементами саунд-хілінгу та медитації. Напередодні Великодня це чудов...;https://t.me/bucha_city/45802
@bucha_city;2026-04-07 07:03;👐 Реабілітація;У Бучі триває будівництво обласного ветеранського простору. Проєкт реалізуємо за кошти державної субвенції, обласного та місцевого бюджетів у межах ініціативи Міністерства у справах ветеранів. Це масштабний і дуже важливий центр із двома основними бл...;https://t.me/bucha_city/45772
@bucha_city;2026-04-05 15:40;👐 Реабілітація;✨ Зупинити час і знайти точку опори: у Бучанському центрі життєстійкості відбувся Art&Tech воркшоп «Ловці тіней». Захід організували в межах проєкту «Коло стійкості: Мистецька регенерація громад» Олени Ензель. Учасники працювали зі світлом і тінями –...;https://t.me/bucha_city/45725
@bucha_city;2026-04-03 17:28;👐 Реабілітація;Дбати про ментальне здоров’я важливо: до Бучі завітав канадський сенатор і провідний експерт з психічного здоров’я Стенлі Пол Кучер. Видатний лікар і науковець, професор емерит психіатрії та один із провідних світових експертів у сфері ментального зд...;https://t.me/bucha_city/45667
@bucha_city;2026-03-30 18:13;👐 Реабілітація;У Бучі запрацював Центр комплексного розвитку та підтримки дітей – простір, де діти з інвалідністю та їхні родини отримуватимуть комплексну допомогу. Тут поєднали раннє втручання, реабілітацію, денний догляд і роботу з батьками – усе працює як єдина ...;https://t.me/bucha_city/45480
@bucha_city;2026-03-30 13:06;👐 Реабілітація;Центр комплексного розвитку та підтримки дітей запрацював у Бучі. Сьогодні відкрили цілісний профільний простір, де зібрані всі ключові послуги для дітей і родин. Тут в одному місці тепер працюють центр раннього втручання, реабілітація для дітей з ін...;https://t.me/bucha_city/45453
@bucha_city;2026-03-30 12:35;👐 Реабілітація;✨ У Бучі стартувала програма ментального відновлення «Коло стійкості: Мистецька регенерація громад». У Бучанському Центрі життєстійкості розпочали програму, що поєднує мистецтво та підходи Art&Tech для підтримки емоційного стану та внутрішнього балан...;https://t.me/bucha_city/45448
@bucha_city;2026-03-29 15:10;👐 Реабілітація;🫂 Ментальне здоров’я – це не розкіш, а необхідність: у Бучі працює Центр життєстійкості. Центр життєстійкості – це простір підтримки та відновлення, де фахівці допомагають знайти внутрішній баланс і ресурс. Тут проводять заняття для різних вікових ка...;https://t.me/bucha_city/45421
@bucha_city;2026-03-25 18:49;👐 Реабілітація;❤️‍🩹Наш Герой – вдома. Бучанець Володимир Майор повернувся з російського полону. У рідному мікрорайоні Склозавод його зустрічали десятки жителів – зі сльозами радості на очах. Люди вишикувалися у «живий коридор», аби сказати найважливіше: «Дякуємо, щ...;https://t.me/bucha_city/45284
@bucha_city;2026-03-25 11:35;👐 Реабілітація;✨У Бучі відбудеться арт-заняття «Сяйво всередині: Магія флуоресцентного бодіарту». Бучанський центр життєстійкості запрошує мешканців громади поринути у простір, де мистецтво виходить за межі звичного, а емоції набувають яскравого неонового світла. Ц...;https://t.me/bucha_city/45269
@bucha_city;2026-03-22 13:10;👐 Реабілітація;🌸 У Бучанському центрі життєстійкості відбулося заняття з основ психічного здоров’я. Зустріч присвятили темі унікальності кожної людини та важливості залишатися собою без потреби відповідати очікуванням інших. Учасниці говорили про внутрішню опору – ...;https://t.me/bucha_city/45157
@bucha_city;2026-03-18 11:54;👐 Реабілітація;🤝Підтримка ветеранів та психосоціальна допомога дітям: Бучанський консультативно-діагностичний центр підписав меморандум про співпрацю зі Спеціалізованою школою №210 міста Києва. Головна мета партнерства – об’єднати зусилля медичної та освітньої спіл...;https://t.me/bucha_city/45023
@bucha_city;2026-03-16 11:05;👐 Реабілітація;🌱 У Бучі стартує курс «Самодопомога +» для підтримки ментального здоров’я. У Центрі життєстійкості розпочинається курс «Самодопомога +» – програма психологічної підтримки для людей, які переживають стрес, тривогу або емоційне виснаження в умовах війн...;https://t.me/bucha_city/44970
@bucha_city;2026-03-15 10:44;👐 Реабілітація;Мистецтво стійкості: у Бучі відновлювали внутрішній ресурс через нейрографіку🎨🌿 У Центрі життєстійкості відбулося практичне заняття з психологічного розвантаження, присвячене пошуку точок опори в умовах тривалого стресу. Головним інструментом оновлен...;https://t.me/bucha_city/44941
@bucha_city;2026-03-05 14:52;👐 Реабілітація;Наш — вдома. Бучанець Володимир Майор повернувся з російського полону в результаті сьогоднішнього обміну. Честь і слава нашому захиснику! Володимир став на захист України ще у 2015 році — добровільно вирушив на передову у складі десантно-штурмових ві...;https://t.me/bucha_city/44608
@bucha_city;2026-03-04 13:32;⚽ Спорт | 👐 Реабілітація;🏆 Ветеран із Бучанської громади Сергій Гурдуза здобув «золото» на міжнародних змаганнях Air Force and Marine Corps Trials у США! Житель Ворзеля та тренер Академії спорту гідно представив Київщину у складі національної збірної України. На базі морсько...;https://t.me/bucha_city/44567
@bucha_city;2026-03-01 14:40;👐 Реабілітація;🌱 Медитація та натхнення: у Бучі відбувся творчий захід зі створення мандал душі. У Центрі життєстійкості кожен охочий мав змогу долучитися до медитативної практики, яка допомагала сповільнитися, заспокоїтись і налаштуватися на внутрішній стан. За да...;https://t.me/bucha_city/44472
@bucha_city;2026-02-28 16:05;👐 Реабілітація;🌱 У Бучі відкрито запис на індивідуальні тілесно-орієнтовані практики цвяхостояння на березень. Центр життєстійкості запрошує жителів громади долучитися до глибоких практик із тілом і психікою, які допомагають повернути внутрішню рівновагу та віднови...;https://t.me/bucha_city/44457
@bucha_city;2026-02-26 11:47;⚽ Спорт | 🤝 Загальна безбар'єрність;📢 Ветерани та особи з інвалідністю внаслідок війни тепер можуть отримати компенсацію за страховий поліс навіть за завершеними договорами. 🇺🇦 Послуга доступна у розділі «Ветеран PRO» застосунку «Дія». Подати заяву необхідно протягом 3 місяців, починаю...;https://t.me/bucha_city/44388
@bucha_city;2026-02-20 10:42;👐 Реабілітація | 🤝 Загальна безбар'єрність;Посилюємо підтримку ветеранів: Бучанська міська рада уклала Меморандум про співпрацю з ГО «Ветерани війни з обмеженими можливостями Бучанського району «Легіон Титанів». Головна мета партнерства – допомогти кожному захиснику знайти своє місце в цивіль...;https://t.me/bucha_city/44160
@bucha_city;2026-02-19 15:59;👐 Реабілітація;Підтримка сил оборони, освіти та ветеранів — такими були головні рішення сесії міської ради, яка сьогодні пройшла у Бучі. Виділю для вас найважливіші: ▪️15 млн грн — на підтримку Сил оборони України. ▪️15,6 млн грн — стимулюючі доплати педагогічним п...;https://t.me/bucha_city/44147
@bucha_city;2026-02-19 11:06;👐 Реабілітація;☕️Іноді достатньо аромату кави, щоб знову відчути спокій: Бучанський центр життєстійкості запрошує на терапію з малювання кавою. У колі психологів і однодумців ви зможете сповільнитися, зняти напругу, прожити свої емоції через творчість і відчути вну...;https://t.me/bucha_city/44133
@bucha_city;2026-02-18 17:00;🚌 Транспорт;У Бучанській громаді розпочав роботу ветеранський простір для захисників, захисниць і їхніх родин за адресою: вулиця Києво-Мироцька, 104-б у Бучі. Це місце підтримки для наших ветеранів, де можна отримати супровід фахівців, психологічну й юридичну до...;https://t.me/bucha_city/44110
@bucha_city;2026-02-18 12:56;⚽ Спорт;87 позачергову сесію Бучанської міської ради скликав Бучанський міський голова Анатолій Федорук. Пленарне засідання відбудеться 19 лютого о 10:00 за адресою: м. Буча, вул. Володимира Ковальського, 61В. До порядку денного внесено понад 100 питань. Сер...;https://t.me/bucha_city/44101
@bucha_city;2026-02-17 12:09;👐 Реабілітація;🧘‍♀️💆‍♀️У Центрі життєстійкості стартує набір до другої групи безкоштовного курсу з основ психічного здоров’я. У Бучанському центрі завершила навчання перша група курсу з основ психічного здоров’я з елементами пілатесу. Протягом кількох тижнів учасни...;https://t.me/bucha_city/44080
@bucha_city;2026-02-15 10:16;👐 Реабілітація;✨ Мрії, що стають планом дій: у Бучі провели майстер-клас «Карта мрій». У Центрі життєстійкості відбулася зустріч, яка об’єднала жителів навколо теми усвідомленого формування цілей. Учасники вчилися правильно формулювати бажання, розподіляли їх за се...;https://t.me/bucha_city/44015
@bucha_city;2026-02-13 09:00;👐 Реабілітація;🔋Зарядні станцій для дітей з інвалідністю: розпочато прийом заяв на отримання державної допомоги. Електроживлення – це не зручність, а критична умова життя, адже мова йде про роботу медичних та реабілітаційних приладів. Найближчим часом Україна отрим...;https://t.me/bucha_city/43947
@bucha_city;2026-02-12 09:30;👐 Реабілітація;✨Інструмент психологічної стійкості: У Бучі відбудеться майстер-клас зі стрворення «Карти мрій та бажань». У непрості часи особливо необхідно мати образ майбутнього, до якого хочеться рухатися. Бучанський центр життєстійкості запрошує візуалізувати с...;https://t.me/bucha_city/43919
@bucha_city;2026-02-07 14:10;🏗️ Інфраструктура;🍲 Жителі Бучанської громади можуть отримати безкоштовні гарячі обіди від автономного потягу-кухні. Потяг-куня працює завдяки підтримці «Укрзалізниці» під керівництвом Олександра Перцовського та Фундації Говарда Г. Баффета. Команда фахівців щодня готу...;https://t.me/bucha_city/43775
@bucha_city;2026-02-06 16:11;👐 Реабілітація;❗️Збір на лікування для бучанки: Катерина Кравцова потребує нашої підтримки. Катерина родом із Луганщини. Після початку повномасштабного вторгнення вона знайшла свій новий дім у Бучі. Працює медичною сестрою Бучанського центру первинної медико-саніта...;https://t.me/bucha_city/43747
@bucha_city;2026-02-06 12:59;🏗️ Інфраструктура;У ЗМІ шириться інформація щодо смерті у Ворзелі на 83-му році життя кінооператора Національної кіностудії художніх фільмів імені Олександра Довженка Павла Михайловича Лойка. Павло Лойко народився 8 липня 1943 року. Упродовж багатьох років працював на...;https://t.me/bucha_city/43744
@bucha_city;2026-02-04 18:47;👐 Реабілітація;💪 Гордість Бучанської громади: Валентин Олексієнко з Ворзеля підкорив паркет всеукраїнського турніру UKR DANCE CUP у Львові! На велику сцену зі спортивно-бальних танців 29-річний ветеран війни вийшов разом із партнеркою Дар’єю Білоус. Виступ Валентин...;https://t.me/bucha_city/43696
@bucha_city;2026-02-04 15:09;👐 Реабілітація;✨🎨У Бучанському Центрі життєстійкості відбулося заняття з нейрографіки – практики, яка допомагає зупинитись, почути себе та відновити внутрішній баланс. Ці зустрічі – про вивільнення негативних емоцій та підтримку у непрості часи. Навіть ті, хто ніко...;https://t.me/bucha_city/43682
@bucha_city;2026-02-03 18:50;🤝 Загальна безбар'єрність;🏆 Педагог із Бучі – у фіналі національної премії Physical Education Teacher Award 2025! Учитель фізичної культури Бучанського ліцею №9 Олексій Карабут став одним із найкращих педагогів країни. Олексій успішно подолав відбірковий етап і тепер представ...;https://t.me/bucha_city/43663
@bucha_city;2026-02-02 13:45;👐 Реабілітація;🌱 У Бучі проходитимуть тілесно-орієнтовані практики цвяхостояння – відкрито запис на лютий. Центр життєстійкості запрошує всіх охочих на індивідуальну глибоку роботу з тілом і психікою, що сприяє розвитку внутрішньої рівноваги та ресурсності. Практик...;https://t.me/bucha_city/43610
@bucha_city;2026-02-01 10:50;👐 Реабілітація;У Бучі проходять арт-терапевтичні заняття для дітей, які допомагають малечі розвивати впевненість у собі та емоційну стійкість. У Центрі життєстійкості діти мають простір, де через творчість і гру вони можуть: 🔸 м’яко проживати та опрацьовувати емоці...;https://t.me/bucha_city/43576
@bucha_city;2026-01-30 13:43;👐 Реабілітація;Бучанська громада увійшла до п’яти громад України, які відібрали для участі у пілотному проєкті Світового банку. Днями відбулася робоча нарада за участі Бучанського міського голови Анатолія Федорука з консультантами міжнародної інституції для обговор...;https://t.me/bucha_city/43514
@bucha_city;2026-01-30 08:25;🚌 Транспорт;Цифровізуємо Бучанську громаду — запустили мобільний застосунок MISTO. Тепер громада в смартфоні. Так, майже як у столиці. А подекуди — навіть зручніше 😉 Наразі в застосунку доступні сповіщення про повітряну тривогу, інтерактивна мапа укриттів і пунк...;https://t.me/bucha_city/43509
@bucha_city;2026-01-28 14:00;👐 Реабілітація;✨У Бучі відбудеться заняття з психологічної стійкості з елементами саунд-хілінгу. Центр життєстійкості запрошує на безкоштовну зустріч, що допоможе знизити рівень тривожності, відновити емоційний ресурс, покращити сон і концентрацію. Саунд-хілінг – ц...;https://t.me/bucha_city/43460
@bucha_city;2026-01-25 16:06;👐 Реабілітація;✨Простір для себе та внутрішньої сили: у Бучанському Центрі життєстійкості відбулося заняття з нейрографіки «Моя гармонія». У час, коли напруга й невизначеність стали частиною нашого життя, турбота про ментальне здоров’я стає необхідністю. Нейрографі...;https://t.me/bucha_city/43361
@bucha_city;2026-01-25 10:45;👐 Реабілітація;В Україні працює портал «Ветеран Pro» – державний ресурс, створений для підтримки ветеранів, ветеранок та їхніх родин. Платформа об’єднує найважливіші державні послуги в одному місці. Тут можна знайти інформацію про лікування та реабілітацію, пільги,...;https://t.me/bucha_city/43354
@bucha_city;2026-01-24 12:42;🏗️ Інфраструктура;Допомога для кожного: автономний потяг-кухня забезпечує гарячими обідами понад 500 жителів Бучанської громади. Потяг-кухня працює завдяки підтримці Укрзалізниці під керівництвом Олександра Перцовського та Фундації Говарда Г. Баффета. Протягом тижня к...;https://t.me/bucha_city/43328
@bucha_city;2026-01-22 12:15;👐 Реабілітація;🧘‍♀️Відновити внутрішній баланс та ресурс: у Бучі відбудеться заняття з нейрографіки «Моя гармонія». Ця м’яка та глибока практика допомагає знизити стрес, усвідомити власні емоції та віднайти внутрішню опору навіть у складні часи. Учасники навчаться ...;https://t.me/bucha_city/43265
@bucha_city;2026-01-21 13:01;👐 Реабілітація;🫂У Бучі працює мобільна бригада соціально-психологічної допомоги для осіб, які постраждали від домашнього або гендерно зумовленого насильства. До команди фахівців входять психолог та соціальний працівник. Їхня робота спрямована на комплексне вирішенн...;https://t.me/bucha_city/43230
@bucha_city;2026-01-19 17:56;🏗️ Інфраструктура;🍳Гарячі обіди для Бучанської громади: місцеві жителі отримали допомогу від автономного потяга-кухні. Потяг-кухня розпочав роботу за підтримки Укрзалізниці під керівництвом Олександра Перцовського та Фундації Говарда Г. Баффета. Це повністю автономний...;https://t.me/bucha_city/43169
@bucha_city;2026-01-19 09:00;🚌 Транспорт | 🏗️ Інфраструктура;🚖 Доступність для кожного: у Бучанській громаді працює послуга «Соціальне таксі». Щоденні справи, візит до лікаря чи установи не мають бути перешкодою. Саме тому у громаді діє послуга, яка допомагає безпечно та зручно дістатися до медичних, соціальни...;https://t.me/bucha_city/43160
@bucha_city;2026-01-15 14:35;👐 Реабілітація;👵👴Турбота про людей поважного віку: у Бучі працює простір підтримки, де допомагають впоратися з тривогами, стресом та інформаційним перевантаженням. Заняття з психологами для всіх охочих проходять у Центрі життєстійкості – це простір, де можна віднов...;https://t.me/bucha_city/43069
@bucha_city;2026-01-15 10:15;⚽ Спорт | 🤝 Загальна безбар'єрність;💪Ветерани можуть отримати 1 500 грн на підтримку фізичного та ментального здоров’я. Триває прийом заявок на участь у державній програмі «Ветеранський спорт». Це можливість отримати гроші для відновлення та підтримки здоров’я у зручному для вас формат...;https://t.me/bucha_city/43064
@bucha_city;2026-01-14 18:21;⚽ Спорт | 👐 Реабілітація;🏐У Бучі відбулося відкрите тренування та товариський матч із волейболу сидячи, що об’єднали ветеранів війни. На майданчику «Академії спорту» зустрілися дві команди – «Фенікс-Макарів» і команда ветеранів, яку очолює бучанець, ветеран війни Сергій Гурд...;https://t.me/bucha_city/43039
@bucha_city;2026-01-08 17:03;👐 Реабілітація;🫶Зміцнення внутрішньої сили через творчість: у Бучі відбулося особливе арттерапевтичне заняття для дітей. Заняття, що пройшло на базі Центру життєстійкості, допомогло малечі навчитися справлятися зі страхами та знаходити вихід із найскладніших ситуац...;https://t.me/bucha_city/42822
@bucha_city;2026-01-08 12:05;👐 Реабілітація;У Бучі стартує набір на серію тренінгових занять «Батьківство без стресу». Програма створена для мам і тат, які прагнуть побудувати гармонійні стосунки з дітьми, подолати емоційне виснаження та знайти впевненість у своїх батьківських рішеннях. Курс с...;https://t.me/bucha_city/42814
@bucha_city;2026-01-07 13:56;👐 Реабілітація;🫂У Бучі триває набір до групи підтримки для дружин військових. Ініціатива спрямована на покращення психоемоційного стану жінок, які щодня живуть в умовах тривоги за близьких та емоційного навантаження. Очікування, страх за чоловіка та відповідальніст...;https://t.me/bucha_city/42806
@bucha_city;2026-01-07 11:00;🏗️ Інфраструктура;Інклюзивний простір починається з кожного з нас 🤝 Коли ми говоримо про безбар’єрність, то часто уявляємо пандуси чи ліфти. Проте вона починається значно раніше – з мови, яку ми використовуємо, та з етики нашої взаємодії. Слова, які ми обираємо, мають...;https://t.me/bucha_city/42795
@bucha_city;2026-01-07 09:34;👐 Реабілітація;🫶Турбота там, де вона найбільше потрібна: фахівці Центру життєстійкості відвідали шелтер Святої Ольги. Під час візиту команда розповіла родинам про можливості Центру та групові програми, спрямовані на відновлення внутрішніх ресурсів, розвиток навичок...;https://t.me/bucha_city/42790
@bucha_city;2026-01-04 09:35;👐 Реабілітація;🗣️В Україні розпочалася програма відновлення «Зміцнені» – ініціатива, що покликана підтримати кожного, хто потребує реабілітації. Реабілітація є невід’ємною частиною повернення до повноцінного життя після травм, захворювань, операцій чи ампутацій. В ...;https://t.me/bucha_city/42706
@bucha_city;2026-01-03 09:45;👐 Реабілітація;У Центрі життєстійкості відкрито запис до груп психологічної підтримки. Тут працюють фахівці, які допомагають відновлювати внутрішній баланс, знаходити опору та розвивати життєстійкість. Групи і програм, що працюють для різних вікових категорій та по...;https://t.me/bucha_city/42685
@bucha_city;2026-01-02 14:17;🏗️ Інфраструктура;🩺 В Україні стартувала програма «Скринінг здоров’я» для людей від 40 років. Програма допомагає виявляти ризики хвороб на ранніх стадіях, або запобігати їх розвитку. Сервіс доступний через «Дію» без черг і зайвих документів. Для тих, хто не користуєть...;https://t.me/bucha_city/42666
@bucha_city;2026-01-02 09:16;🤝 Загальна безбар'єрність;👩‍🍼З 1 січня 2026 року в Україні збільшили дитячі виплати: 50 тисяч гривень можна отримати на першу та кожну наступну дитину. Про це повідомила перша заступниця міністра соціальної політики сім’ї та єдності України Людмила Шемелинець. Для оформлення ...;https://t.me/bucha_city/42650
@vysh_gov_ua;2026-09-21 09:16;🚨 Укриття;Поки діти навчаються, батьки мають бути певними не тільки в якісній базовій освіті, а й у повноцінному харчуванні у школах та садочках. У 540 навчальних закладах області організовано гаряче харчування, яке охоплює 100% дітей, що отримують знання за о...;https://t.me/vysh_gov_ua/14379
@vysh_gov_ua;2026-09-18 17:03;⚽ Спорт;У Нових Петрівцях відкрили ветеранський простір «Ветеран pro» — уже 22-й на Київщині. Це місце, де ветерани та їхні родини можуть отримати необхідну підтримку, знайти потрібного фахівця й просто поспілкуватися з людьми, які розуміють їхній досвід. Ту...;https://t.me/vysh_gov_ua/14333
@vysh_gov_ua;2026-09-14 10:20;⚽ Спорт;🎣 Понад 100 ветеранів війни та членів їхніх родин об’єднав фестиваль зі спортивної риболовлі «Коло Незламних» на Київщині. Захід відбувся на Настиному озері в селі Дружня. Учасники не лише змагалися у спортивній риболовлі, а й мали нагоду поспілкуват...;https://t.me/vysh_gov_ua/14240
@vysh_gov_ua;2026-09-10 13:34;🤝 Загальна безбар'єрність;Поранення, отримані під час війни, — це не лише серйозне випробування для здоров’я, а й підстава для отримання всебічної державної підтримки. Однією з форм такої підтримки є надання статусу особи з інвалідністю внаслідок війни (ОІВВ). 🔹Хто має право ...;https://t.me/vysh_gov_ua/14198
@vysh_gov_ua;2026-09-09 10:41;🤝 Загальна безбар'єрність;🚀 Від сьогодні українські підприємці та ті, хто лише починає свій шлях у бізнесі, отримують нові можливості для розвитку. Стартує оновлена програма «Власна справа 2.0», яка змінює підходи до державної підтримки підприємництва. 1️⃣ Максимальна сума гр...;https://t.me/vysh_gov_ua/14183
@vysh_gov_ua;2026-09-08 14:39;👐 Реабілітація;В Іванківській громаді відкрили новий ветеранський простір. Він став уже 21-м у мережі ветеранських хабів Київщини. Новий хаб покликаний стати точкою опори для ветеранів і їхніх близьких. Тут ветерани, члени їхніх сімей, а також родини загиблих Захис...;https://t.me/vysh_gov_ua/14169
@vysh_gov_ua;2026-09-07 16:31;👐 Реабілітація;Радий вітати Надзвичайного і Повноважного Посла Ізраїлю Рої Розенбліта. Сьогодні разом відвідали Київську обласну клінічну лікарню. Перш за все, дякую ізраїльським партнерам за послідовну підтримку Київщини в умовах воєнного стану. Серед наданої Ізра...;https://t.me/vysh_gov_ua/14138
@vysh_gov_ua;2026-09-02 12:44;🏗️ Інфраструктура;Разом із Міністром з відновлення, інфраструктури та транспорту України Миколою Калашником, директором з питань партнерства ЄІБ Global Річардом Амором, керівницею Регіонального хабу ЄІБ у Східній Європі Крістіною Мікуловою та представниками громади ог...;https://t.me/vysh_gov_ua/14076
@vysh_gov_ua;2026-08-26 13:32;🏗️ Інфраструктура;Передали громадам Київщини 6 нових шкільних автобусів, які перевозитимуть дітей до навчальних закладів. Сьогодні транспортні засоби вручаються Бориспільській, Димерській, Білоцерківській, Пірнівській, Борщагівській та Білогородській територіальним гр...;https://t.me/vysh_gov_ua/13958
@vysh_gov_ua;2026-08-25 16:37;👐 Реабілітація;З яких слів розпочнеться цей навчальний рік? 1 вересня запрошуємо долучитися до Всеукраїнського уроку «Мова гідності: бачити людину за словами», який присвячений умінню бачити за словами передусім людину. У школі ми не лише навчаємо, а й формуємо те,...;https://t.me/vysh_gov_ua/13949
@vysh_gov_ua;2026-08-21 08:01;🤝 Загальна безбар'єрність;“Єдині ветеранські вікна” у Центрах надання адміністративних послуг (ЦНАП) працюють по всій Україні. Це означає, що ветерани й ветеранки, а також родини загиблих Захисників і Захисниць можуть отримати необхідні державні послуги в одному місці — без д...;https://t.me/vysh_gov_ua/13888
@vysh_gov_ua;2026-08-19 19:20;👐 Реабілітація;Разом з Першою леді Оленою Зеленською та міністром соціальної політики, сім'ї та єдності Денисом Улютіним долучився до відкриття в Борисполі «Сімейної домівки». Київщина — перша із дванадцяти областей, де впроваджується проєкт. В «Сімейній домівці» в...;https://t.me/vysh_gov_ua/13845
@vysh_gov_ua;2026-08-05 12:06;⚽ Спорт;Новий ветеранський простір «Ветеран Про» відкрили у Вишгороді. Він став уже дев’ятнадцятим таким осередком на Київщині, де ветерани, військовослужбовці, їхні родини та сім’ї полеглих Захисників і Захисниць зможуть отримати всебічну підтримку. Окрім ц...;https://t.me/vysh_gov_ua/13660
@vysh_gov_ua;2026-07-30 07:18;🤝 Загальна безбар'єрність;Поранення, отримані під час війни, — це не лише серйозне випробування для здоров’я, а й підстава для отримання всебічної державної підтримки. Однією з форм такої підтримки є надання статусу особи з інвалідністю внаслідок війни (ОІВВ). 🔹Хто має право ...;https://t.me/vysh_gov_ua/13575
@vysh_gov_ua;2026-07-27 06:53;👐 Реабілітація;Щороку цього дня ми дякуємо всім нашим медичним працівникам: лікарям, бойовим медикам, медичним сестрам і братам, фельдшерам, парамедикам, усім працівникам екстреної медичної допомоги, усім, хто працює в лікарнях, реанімаціях, операційних, стабілізац...;https://t.me/vysh_gov_ua/13503
@vysh_gov_ua;2026-07-26 14:19;👐 Реабілітація;Напередодні професійного свята відзначив державними нагородами наших медичних працівників та передав відзнаки родинам загиблих медиків, які удостоєні нагород. Українські медики сьогодні є прикладом для всіх нас і для цілого світу – ваша стійкість, ва...;https://t.me/vysh_gov_ua/13500
@vysh_gov_ua;2026-07-17 17:20;⚽ Спорт | 🤝 Загальна безбар'єрність;479 днів. Один рік, три місяці і двадцять два дні. Саме стільки тривав один із найвідповідальніших періодів мого життя — на посаді голови Київської обласної державної адміністрації. Для мене було великою честю очолювати Київщину саме в цей час. Час щ...;https://t.me/vysh_gov_ua/13400
@vysh_gov_ua;2026-07-09 18:41;⚽ Спорт;Підбили підсумки всеукраїнського проєкту «Карпатська зміна» — ініціативи Президента України, яка стала для тисяч українських дітей можливістю відпочити, відновити сили, знайти нових друзів і хоча б на певний час забути про тривоги війни. Для Київщини...;https://t.me/vysh_gov_ua/13257
@vysh_gov_ua;2026-07-02 19:12;👐 Реабілітація;Провів нараду з керівниками районних військових адміністрацій, територіальних громад, закладів охорони здоров’я за участю голови Національної служби здоров’я України Наталії Гусак. Охорона здоров’я сьогодні — це не лише про роботу лікарень. Це про як...;https://t.me/vysh_gov_ua/13147
@vysh_gov_ua;2026-07-02 05:55;👐 Реабілітація;Провів чергове засідання Ради оборони Київщини. Разом із військовими, силовиками, рятівниками, керівниками районних військових адміністрацій, територіальних громад та профільних служб обговорили ключові питання безпеки, стійкості області та життєдіял...;https://t.me/vysh_gov_ua/13124
@vysh_gov_ua;2026-07-01 14:49;⚽ Спорт;Ветеранський спорт: подавайте заяву з 1 липня 💪 Ветерани, ветеранки, учасники й учасниці бойових дій та люди з інвалідністю внаслідок війни, отримайте 1 500 грн на заняття спортом у III кварталі 2026 року. Важливо: з 1 до 20 липня подайте нову заяву ...;https://t.me/vysh_gov_ua/13120
@vysh_gov_ua;2026-06-27 07:29;⚽ Спорт;Завершилася Ukraine Recovery Conference 2026 у Гданську. Для Київщини це були кілька днів інтенсивної та, головне, результативної роботи. Провели десятки зустрічей із представниками урядів, міжнародних організацій, фінансових інституцій та бізнесу. П...;https://t.me/vysh_gov_ua/13047
@vysh_gov_ua;2026-06-26 08:05;👐 Реабілітація;Працюю на Ukraine Recovery Conference 2026 у Гданську. Кожна зустріч, кожне підписання, кожна домовленість — це нові можливості для розвитку Київщини та наших громад. Українську делегацію на конференції очолює Прем’єр-міністр Юлія Свириденко. Для нас...;https://t.me/vysh_gov_ua/13025
@vysh_gov_ua;2026-06-09 12:19;🤝 Загальна безбар'єрність;📚 До державної освітньої екосистеми «Мрія» вже підключилися 153 школи Київської області. «Мрія» — це сучасна цифрова екосистема, яка допомагає зробити освітній процес більш ефективним, прозорим і зручним для всіх його учасників. Вона спрощує роботу п...;https://t.me/vysh_gov_ua/12815
@vysh_gov_ua;2026-06-01 17:57;⚽ Спорт;«Карпатська зміна» — це про дитинство, яке має залишатися дитинством навіть під час війни. Учора 42 дитини загиблих Героїв, а також ветеранів війни вирушили із Київщини на Закарпаття. Проєкт реалізується за підтримки Президента України Володимира Зел...;https://t.me/vysh_gov_ua/12643
@vysh_gov_ua;2026-05-29 12:32;🤝 Загальна безбар'єрність;🫶👶🏻 Тиждень безбар’єрності: говоримо коректно та з повагою У межах Тижня безбар’єрності нагадуємо про важливість коректної та поважної мови у спілкуванні, зокрема коли йдеться про дітей з особливими освітніми потребами. ✅ Правильно говорити: «дитина ...;https://t.me/vysh_gov_ua/12619
@vysh_gov_ua;2026-05-28 12:16;🏗️ Інфраструктура;🟢Як зробити простір доступним? 📒Мінрозвитку спільно з ГО «ЛУН Місто» презентували практичний посібник «Як забезпечити доступність будівель і споруд для маломобільних груп населення? 10 простих кроків». Він допоможе громадам, бізнесу та власникам об’є...;https://t.me/vysh_gov_ua/12595
@vysh_gov_ua;2026-05-26 09:17;👐 Реабілітація;🧑🏻‍🚒«Я в команді»: історія рятувальника Андрія Вовчука про службу та випробування, які назавжди змінили його життя Андрій Вовчук обрав професію надзвичайника не випадково – пішов шляхом батька та ще з дитинства мріяв стати начальником караулу. Після ...;https://t.me/vysh_gov_ua/12518
@vysh_gov_ua;2026-05-26 08:55;👐 Реабілітація;Як ветеранам і ветеранкам знайти фахівця із супроводу та отримати допомогу 🔹 У громадах по всій Україні вже працюють 2 600 фахівців із супроводу ветеранів війни та демобілізованих осіб. Їхнє завдання — допомогти Захисникам і Захисницям та їхнім родин...;https://t.me/vysh_gov_ua/12517
@vysh_gov_ua;2026-05-07 06:53;⚽ Спорт | 👐 Реабілітація;Відвідав обласну клінічну лікарню, де створюється сучасний безбар’єрний реабілітаційний простір. Проєкт реалізується за фінансування меценатів. Роботи тривають: басейн, гольф-поле, ерготерапія, спортивні та відновлювальні зони. Уже підсилюємо проєкт ...;https://t.me/vysh_gov_ua/12106
@vysh_gov_ua;2026-05-06 11:40;🤝 Загальна безбар'єрність;🏡 Отримали статус “зверніться до нотаріуса” в Дії? Що робити далі — пояснюємо ⬇️ У межах програми єВідновлення – компонент Житло для ВПО з ТОТ, які мають статус учасника бойових дій або особи з інвалідністю внаслідок війни – вже 3 296 людей отримали ...;https://t.me/vysh_gov_ua/12101
@vysh_gov_ua;2026-05-03 10:32;🤝 Загальна безбар'єрність;⚡У межах програми єВідновлення вже погоджено 3 296 заявок на фінансування житлових ваучерів для ВПО з тимчасово окупованих територій — на 6,59 млрд грн. Це ваучери для тих, хто має статус учасника бойових дій або особи з інвалідністю внаслідок війни....;https://t.me/vysh_gov_ua/12042
@vysh_gov_ua;2026-05-01 07:14;👐 Реабілітація;#тияк ❤️‍🩹 Піклуватися про ментальне здоров’я важливо вчора, сьогодні… щодня. Саме це послання звучить в Україні у Місяць обізнаності про ментальне здоров’я, що розпочався сьогодні. Ми звикли жити в режимі «треба триматися». Робити свою роботу, дбати...;https://t.me/vysh_gov_ua/12009
@vysh_gov_ua;2026-04-23 12:58;⚽ Спорт;Отримали статус ветерана? Додавайте посвідчення в Дію, не чекаючи на паперовий документ 🦾 Тепер е-Посвідчення ветерана відображатиметься в застосунку ще до отримання паперового документа. Раніше цифрове посвідчення відображалося лише після оформлення...;https://t.me/vysh_gov_ua/11914
@vysh_gov_ua;2026-04-20 11:24;🤝 Загальна безбар'єрність;Сьогодні Київщина системно нарощує власну енергетичну спроможність. Ми всі бачимо, як ворог цілеспрямовано б’є по енергетичній інфраструктурі. І відповідь тут одна — ставати сильнішими і більш незалежними. Не декларативно, а через конкретні рішення н...;https://t.me/vysh_gov_ua/11898
@vysh_gov_ua;2026-04-20 08:59;👐 Реабілітація | 🏥 Медицина;Послуги для здоров’я та відновлення ветеранів і ветеранок 👇 Держава забезпечує доступ до таких напрямів підтримки: ✅Лікування — первинна та паліативна медична допомога, офтальмологічні послуги, програма «Доступні ліки». ✅Протезування — протези кінців...;https://t.me/vysh_gov_ua/11897
@vysh_gov_ua;2026-04-16 15:11;👐 Реабілітація;Секретаріат Уповноваженого Верховної Ради України з прав людини спільно з центральними органами виконавчої влади підготували інформаційно-роз’яснювальні матеріали з питань реалізації прав цивільних осіб, позбавлених особистої свободи внаслідок збройн...;https://t.me/vysh_gov_ua/11867
@vysh_gov_ua;2026-04-15 15:09;🤝 Загальна безбар'єрність;📱Взаємодія з державою стає простішою. Розділ Ветеран PRO у Дії — це спільний проєкт Мінветеранів та Мінцифри, що працює за принципом «єдиного вікна»: без черг та зайвої бюрократії. 🔶 Які сервіси доступні вже зараз? ▪️ Підтримка: пошук фахівця із супр...;https://t.me/vysh_gov_ua/11845
@vysh_gov_ua;2026-04-14 10:02;👐 Реабілітація;Як ветерани і ветеранки можуть отримати безоплатну психологічну підтримку 🔶Ветерани і ветеранки, а також їхні родини можуть скористатися безоплатними послугами психологічної допомоги. Для цього працює Реєстр постачальників послуг із психологічної реа...;https://t.me/vysh_gov_ua/11832
@vysh_gov_ua;2026-04-09 10:27;🤝 Загальна безбар'єрність;Разом із громадами Київщини взяв участь у діалозі з Парламентом у межах Конгресу місцевих та регіональних влад при Президентові України. Це був важливий і змістовний діалог із народними депутатами — представниками профільних комітетів Верховної Ради....;https://t.me/vysh_gov_ua/11765
@vysh_gov_ua;2026-04-08 09:35;🤝 Загальна безбар'єрність;🏠 Житлові ваучери для ВПО з ТОТ: як формуватиметься черга на бронювання коштів 🟢 Незабаром стартує бронювання коштів за житловими ваучерами для ВПО з ТОТ, які мають статус учасника бойових дій або особи з інвалідністю внаслідок війни. ✔️ Уряд уже вид...;https://t.me/vysh_gov_ua/11756
@vysh_gov_ua;2026-04-04 15:36;👐 Реабілітація;💙 Центри життєстійкості — це не просто простори допомоги, а місця, де відновлюється внутрішня сила. Вони вже працюють у понад 200 громадах у 23 областях України, об’єднуючи людей, які шукають підтримку, розуміння та нові опори в непростий час. Тут ко...;https://t.me/vysh_gov_ua/11726
@vysh_gov_ua;2026-04-04 12:07;👐 Реабілітація;У Бучі на Київщині провели чергове засідання платформи «Діалог з громадами» у межах роботи Конгресу місцевих та регіональних влад при Президентові України за участі команди Міністерства у справах ветеранів на чолі із Наталею Калмиковою. Участь онлайн...;https://t.me/vysh_gov_ua/11714
@vysh_gov_ua;2026-03-31 09:10;🤝 Загальна безбар'єрність;Як ветеранам й ветеранкам з інвалідністю переобладнання своє авто та отримати компенсацію від держави 🔹Із січня 2026 року ветерани й ветеранки з інвалідністю можуть скористатися програмою Мінветеранів, за якою держава відшкодовує витрати на переоблад...;https://t.me/vysh_gov_ua/11657
@vysh_gov_ua;2026-03-27 15:23;🤝 Загальна безбар'єрність;⁉️Як використати житловий ваучер та забронювати кошти за програмою Житло для ВПО з ТОТ, які мають статус учасника бойових дій або особи з інвалідністю внаслідок війни: покрокове пояснення 📱Найближчим часом у застосунку Дія запрацює бронювання коштів ...;https://t.me/vysh_gov_ua/11606
@vysh_gov_ua;2026-03-25 17:34;👐 Реабілітація;Разом із громадами Київщини узяв участь у другому засіданні платформи «Діалог з громадами», що проходить у межах роботи Конгрес місцевих та регіональних влад при Президентові України під головуванням очільника президії Конгресу Віктора Микити та кері...;https://t.me/vysh_gov_ua/11587
@vysh_gov_ua;2026-03-24 14:13;👐 Реабілітація;Протезування: що важливо знати ветеранам і ветеранкам про державні можливості підтримки Щоб шлях до протезування був зрозумілим і послідовним, підготовлено інформаційні матеріали про державну систему забезпечення протезами, ортезами та іншими засобам...;https://t.me/vysh_gov_ua/11570
@vysh_gov_ua;2026-03-22 14:30;⚽ Спорт;Провів чергове засідання Ради оборони Київщини. Заслухав доповіді військових та силовиків щодо поточної безпекової ситуації в регіоні. Окремо розглянули виконання попередніх рішень Ради оборони та визначили нові завдання для районів, громад і відпові...;https://t.me/vysh_gov_ua/11548
@vysh_gov_ua;2026-03-20 18:53;🤝 Загальна безбар'єрність;Долучилися разом з громадами Київщини до першого засідання платформи «Діалог з громадами» у межах роботи Конгресу місцевих та регіональних влад при Президентові України. Засідання відбулося під головуванням заступника Керівника Офісу Президента Вікто...;https://t.me/vysh_gov_ua/11521
@vysh_gov_ua;2026-03-20 10:58;⚽ Спорт;📌 Ветеран PRO: все про освітні та професійні можливості для Захисників і Захисниць Усі можливості для ветеранів і ветеранок тепер зібрані на одній платформі — Ветеран PRO. Тут можна знайти інформацію про державні послуги, програми розвитку, можливост...;https://t.me/vysh_gov_ua/11518
@vysh_gov_ua;2026-03-17 06:48;👐 Реабілітація;🩺 Довготривалий медичний догляд — підтримка, яка триває і після лікування ❓ Як отримати послугу довготривалого медичного догляду безоплатно? Куди звертатися і які документи необхідні? Які послуги передбачені та скільки коштує один цикл такого догляду...;https://t.me/vysh_gov_ua/11490
@vysh_gov_ua;2026-03-15 11:02;⚽ Спорт;Як ветеранам й ветеранкам з інвалідністю навчитись водінню на спеціалізованих авто за кошти держави. Роз'яснюємо покроково 🔹Керування автівкою у наші дні є одним з ключових елементів самостійності та мобільності, зокрема для ветеранів й ветеранок з і...;https://t.me/vysh_gov_ua/11478
@vysh_gov_ua;2026-03-11 12:26;🤝 Загальна безбар'єрність;Поранення, отримані під час війни — це не просто виклик для здоров’я. Це ще й підстава для отримання комплексної державної підтримки. Один із таких видів підтримки — статус особи з інвалідністю внаслідок війни (ОІВВ). 🔹Хто має право на цей статус? ▪️...;https://t.me/vysh_gov_ua/11402
@vysh_gov_ua;2026-03-07 14:59;⚽ Спорт;Яскрава перемога України на Паралімпійських іграх! Представниця Київщини Олександра Кононова виборола золоту медаль у спринтерській гонці з парабіатлону серед спортсменок у класі стоячи на зимових Паралімпійських іграх 2026 у Мілані та Кортіна-д’Ампе...;https://t.me/vysh_gov_ua/11370
@vysh_gov_ua;2026-03-07 13:35;👐 Реабілітація;🧭 Фахівець із супроводу ветеранів і ветеранок: пояснюємо, як знайти та звернутися по допомогу Щоб Захисники та Захисниці не “губилися” в державних послугах, програмах підтримки та оформленні документів, у різних громадах України працюють вже 2 421 фа...;https://t.me/vysh_gov_ua/11369
@vysh_gov_ua;2026-03-05 08:01;👐 Реабілітація | 🏥 Медицина;👍 Найкраща перша робота, щоб набути знання і навички. Ретельно навчаємо і надаємо практичний досвід. Мета — висока. Термін контракту — чіткий. Винагорода — гідна. ✅ Контракт на 1 000 000 гривень ✅ Грошове забезпечення та доплати за бойові завдання ✅ ...;https://t.me/vysh_gov_ua/11349
@vysh_gov_ua;2026-03-04 10:45;🤝 Загальна безбар'єрність;Провів чергове засідання оперативного штабу Ради оборони Київської області. Учора на засіданні Ради Національної безпеки і оборони України затвердили регіональний План стійкості Київщини. Це стратегічний документ, який визначає наші дії у сфері захис...;https://t.me/vysh_gov_ua/11340
@vysh_gov_ua;2026-03-04 08:25;🤝 Загальна безбар'єрність;Як ветеранам й ветеранкам з інвалідністю переобладнання своє авто та отримати компенсацію від держави 🔹Із січня 2026 року ветерани й ветеранки з інвалідністю можуть скористатися програмою Мінветеранів, за якою держава відшкодовує витрати на переоблад...;https://t.me/vysh_gov_ua/11328
@vysh_gov_ua;2026-03-03 08:05;👐 Реабілітація;Як ветеранам й ветеранкам отримати кошти від держави на покриття оренди житла 🔹У 2026 році Мінветеранів продовжує виплату грошової компенсації за оренду житла відповідно до постанови Кабінету Міністрів України №252. Програма покликана підтримати вете...;https://t.me/vysh_gov_ua/11324
@vysh_gov_ua;2026-03-02 09:15;👐 Реабілітація;Приєднуйся до Об’єднаної штурмової бригади «ЛЮТЬ»! 💪👮‍♂️ Це твій шанс обрати напрям, у якому ти будеш максимально ефективним — і зробити свій внесок у безпеку держави. 🔥 Обирай свою спеціалізацію: 🩺 Медик 🧠 Психолог 🚗 Водій 🔧 Механік 💥 Артилерист 🛸 О...;https://t.me/vysh_gov_ua/11319
@vysh_gov_ua;2026-02-18 14:38;🚨 Укриття | 👐 Реабілітація | 🏥 Медицина;Провів нараду з керівниками закладів охорони здоров’я Київської області за участю голови Національної служби здоров'я України Наталії Гусак та в.о. голови Київської обласної ради Ярослава Добрянського. Обговорили ключові завдання медичної галузі на 2...;https://t.me/vysh_gov_ua/11215
@vysh_gov_ua;2026-02-17 06:30;🚌 Транспорт;🏫 Укриття у Новопетрівському ліцеї добудовано та готове виконувати свою захисну функцію! Це означає головне — Новопетрівський ліцей знову відкриває двері для всіх своїх учнів. Відтепер діти зможуть навчатися за партами у рідному закладі безпечно та у...;https://t.me/vysh_gov_ua/11199
@vysh_gov_ua;2026-02-13 19:33;⚽ Спорт;Провів чергове засідання оперативного штабу Ради оборони Київської області. Системно тримаємо на контролі безпекову ситуацію в регіоні та питання життєзабезпечення громад. Координація сил безпеки й оборони, органів місцевого самоврядування залишаєтьс...;https://t.me/vysh_gov_ua/11163
@vysh_gov_ua;2026-02-11 14:56;👐 Реабілітація;🚨 Хочеш служити в Національній поліції України? Об’єднана штурмова бригада «ЛЮТЬ»! 💪👮‍♂️ 🔥 Вибирай свій напрям: 🩺 Медик | 🧠 Психолог | 🚗 Водій | 🔧 Механік 💥 Артилерист | 🛸 Оператор БПЛА | 🤖 Робототехнік | ⚔️ Штурмовик …і багато інших! 📚 Навчання та п...;https://t.me/vysh_gov_ua/11145
@vysh_gov_ua;2026-02-02 18:10;🏗️ Інфраструктура;На Київщині триває передача «Пакунків тепла» громадам області в межах програми адресної підтримки від державних компаній. Це допомога для людей, які через складні життєві обставини, стан здоров’я або вік особливо гостро відчувають наслідки тривалих в...;https://t.me/vysh_gov_ua/11054
@vysh_gov_ua;2026-01-30 16:43;🏥 Медицина;На Київщині стартувала Національна програма «Скринінг здоров’я 40+». З 1 січня в області розпочалася реалізація державної програми, ініційованої Міністерством охорони здоров’я спільно з партнерами. Вона спрямована на раннє виявлення серцево-судинних ...;https://t.me/vysh_gov_ua/11018
@vysh_gov_ua;2026-01-27 07:58;👐 Реабілітація | 🏥 Медицина;Послуги для здоров’я та відновлення ветеранів і ветеранок 👇 Держава забезпечує доступ до таких напрямів підтримки: 🔹 Лікування — первинна та паліативна медична допомога, офтальмологічні послуги, програма «Доступні ліки». 🔹 Протезування — протези кінц...;https://t.me/vysh_gov_ua/10946
@vysh_gov_ua;2026-01-26 17:17;👐 Реабілітація;У квітні 2026 року виповниться 40 років від Чорнобильської катастрофи — однієї з найтрагічніших подій в історії світу За ініціативи Мінсоцполітики створено Організаційний комітет, який готуватиме заходи до 40-х роковин. Комітет координуватиме підгото...;https://t.me/vysh_gov_ua/10944
@vysh_gov_ua;2026-01-23 12:29;👐 Реабілітація;🚨 Хочеш служити в Національній поліції України? Запрошуємо до «Сафарі» Департаменту поліції особливого призначення – Об’єднана штурмова бригада «ЛЮТЬ»! 💪👮‍♂️ 🔥 Вибирай свій напрям: 🩺 Медик | 🧠 Психолог | 🚗 Водій | 🔧 Механік 💥 Артилерист | 🛸 Оператор ...;https://t.me/vysh_gov_ua/10920
@vysh_gov_ua;2026-01-21 13:21;👐 Реабілітація;Державні послуги для ветеранів, ветеранок та їхніх сімей — у кілька кліків. 📌 Питання підтримки, пільг і можливостей є актуальними. 💼 На платформі Ветеран Pro зібрана перевірена інформація про державні сервіси: лікування й реабілітацію, фінансову під...;https://t.me/vysh_gov_ua/10898
@vysh_gov_ua;2026-01-17 13:49;👐 Реабілітація;"Реабілітація — це… — коли повертаєш рухову активність після поранення; — коли знову стаєш самостійним після інсульту; — коли бачиш, як твоя дитина реагує на цей світ і радіє йому попри складні обставини. Реабілітація — це коли можеш отримати фахову д...";https://t.me/vysh_gov_ua/10868
@vysh_gov_ua;2026-01-17 11:03;👐 Реабілітація;Київщину відвідали Президент Чеської Республіки Петр Павел та Перша леді України Олена Зеленська. Разом вони побували в Кагарлику — в опорному ліцеї, де Фундація Олени Зеленської відновила та облаштувала сучасне захисне укриття для дітей. Цей ліцей —...;https://t.me/vysh_gov_ua/10858
@vysh_gov_ua;2026-01-14 15:32;🏗️ Інфраструктура;Провів чергове засідання Ради оборони Київської області. Заслухав доповіді силовиків щодо безпекової ситуації та керівників районів про готовність комунальних служб до роботи в умовах ускладнених погодних умов. Дякую підрозділам ДСНС, енергетикам й в...;https://t.me/vysh_gov_ua/10824
@vysh_gov_ua;2026-01-02 07:41;⚽ Спорт | 🤝 Загальна безбар'єрність;🦾Новий рік — новий рух із програмою “Ветеранський спорт” Рік щойно почався — і це саме той час, коли варто подбати про себе, повернути рух у щоденне життя й не відкладати “на потім”. 🤝 Почати простіше, коли є підтримка. Подавайте заявку на участь у п...;https://t.me/vysh_gov_ua/10711
@VyshnevaMTG;2026-09-13 11:18;⚽ Спорт;«Карпатський Виклик» — II етап Всеукраїнського рейтингового турніру з адаптивних видів спорту __5–6 вересня у Боздоському парку міста Ужгород відбувся II етап Всеукраїнського рейтингового турніру з адаптивних видів спорту «Карпатський Виклик»__ Учасн...;https://t.me/VyshnevaMTG/16736
@VyshnevaMTG;2026-09-05 11:54;⚽ Спорт;🏆 Ветеран Вишневої громади на відбіркових змаганнях «Strong Spirit’s Games – 2026» __29 серпня у Києві відбулися Всеукраїнські змагання з відбору кандидатів до національної збірної України для участі в міжнародному спортивному турнірі «Strong Spirit’...;https://t.me/VyshnevaMTG/16616
@VyshnevaMTG;2026-09-03 07:40;🤝 Загальна безбар'єрність;Відкрито набір на 10-й, ювілейний потік програми Generation+ __Благодійний фонд“Дженерейшн плюс” оголошує набір учасників на 10-й потік комплексної програми розвитку Generation+ для підлітків 14-17 років.__ Generation+ - 6-місячна соціально - освітнн...;https://t.me/VyshnevaMTG/16582
@VyshnevaMTG;2026-09-02 13:43;⚽ Спорт | 👐 Реабілітація;💪У Вишневому відбулися навчально-тренувальні збори з богатирського багатоборства серед ветеранів __З 26 по 28 серпня у м. Вишневе проходили навчально-тренувальні збори для ветеранів, які займаються богатирським багатоборством. Захід організовано Міні...;https://t.me/VyshnevaMTG/16567
@VyshnevaMTG;2026-08-18 14:03;👐 Реабілітація;Центр підтримки ветеранів війни та їхніх родин працює у Вишневому __У Вишневій громаді діє КУ «Вишнівський центр реабілітації та допомоги УБД», де працюють шість фахівців із супроводу ветеранів війни та демобілізованих осіб.__ Фахівці не лише консуль...;https://t.me/VyshnevaMTG/16301
@VyshnevaMTG;2026-08-08 08:37;🤝 Загальна безбар'єрність;📢 ОГОЛОШЕННЯ ПРО ВАКАНСІЇ Вишнівський академічний ліцей «Основа» 👨‍🏫 Педагогічні працівники та інклюзія: 🟢 учитель фізики — 1 ставка 🟢 учитель англійської мови — 1 ставка 🟢 учитель початкових класів — 1 ставка 🟢 асистент учня — 1 ставка (або відповід...;https://t.me/VyshnevaMTG/16172
@VyshnevaMTG;2026-07-31 14:47;👐 Реабілітація;День незабутніх вражень для дітей Захисників і Захисниць __31 липня діти Захисників і Захисниць Вишневої міської громади разом із фахівчинями КУ «Вишнівський центр реабілітації та допомоги УБД» вирушили у захопливу подорож до одного з наймальовничіши...;https://t.me/VyshnevaMTG/16098
@VyshnevaMTG;2026-07-22 11:34;👐 Реабілітація;__110 юних мешканців Вишневої міської територіальної громади 20 липня вирушили на оздоровлення та психологічну реабілітацію до Міжнародного дитячого центру «Артек», що працює на безпечних локаціях у Закарпатській області. Про це повідомив тимчасовий ...;https://t.me/VyshnevaMTG/15999
@VyshnevaMTG;2026-07-20 12:36;🤝 Загальна безбар'єрність;Шукаємо асистента дитини! 💚 Запрошуємо до команди людей, які хочуть підтримувати дітей з особливими освітніми потребами під час інклюзивного навчання. Якщо ви відповідальні, емпатійні та готові пройти відповідне навчання – будемо раді знайомству! 📍 м...;https://t.me/VyshnevaMTG/15972
@VyshnevaMTG;2026-07-07 13:49;🚨 Укриття;ШАНОВНІ ЖИТЕЛІ ВИШНЕВОЇ МІСЬКОЇ ГРОМАДИ! __6 липня громада пережила один із найтрагічніших днів.__ Висловлюємо щирі співчуття родинам загиблих та бажаємо якнайшвидшого одужання всім постраждалим. Просимо не нехтувати сигналами повітряної тривоги! Під...;https://t.me/VyshnevaMTG/15815
@VyshnevaMTG;2026-06-26 11:05;⚽ Спорт;Ветерани нашої громади серед переможців турніру з адаптивної риболовлі __Ветерани Вишневої міської громади взяли участь у турнірі з адаптивної спортивної риболовлі, який відбувся в місті Білгород-Дністровський. Захід об’єднав ветеранів російсько-укра...;https://t.me/VyshnevaMTG/15694
@VyshnevaMTG;2026-06-18 13:19;👐 Реабілітація;УВАГА!!! ОНОВЛЕНІ ПРАВИЛА НАДАННЯ АМБУЛАТОРНОЇ РЕАБІЛІТАЦІЙНОЇ ДОПОМОГИ __З 1 травня 2026 року діють нові правила надання амбулаторної реабілітаційної допомоги встановлені МОЗ України, які стосуються направлень та запису.__ Амбулаторна реабілітація м...;https://t.me/VyshnevaMTG/15610
@VyshnevaMTG;2026-06-16 16:24;⚽ Спорт;Ветерани Вишневої громади гідно представили Київщину на «Іграх Воїнів Карпат» __Минулими вихідними ветерани Вишневої міської громади у складі об'єднаної команди Київської області взяли участь у змаганнях з адаптивних видів спорту «Ігри Воїнів Карпат»...;https://t.me/VyshnevaMTG/15580
@VyshnevaMTG;2026-05-19 15:27;👐 Реабілітація;Сімейне шоу «Потяг у дива» __Цими вихідними КУ «Вишнівський центр реабілітації та допомоги УБД» за підтримки голови КОВА Миколи Калашника та радника голови КОДА Олексія Міщенка організували для сімей Захисників і Захисниць Вишневої громади відвідуван...;https://t.me/VyshnevaMTG/15265
@VyshnevaMTG;2026-05-15 11:05;👐 Реабілітація;Кожна дитина народжується з потужним внутрішнім ресурсом — здатністю відновлюватися, адаптуватися та справлятися з труднощами. І наше завдання як дорослих — допомогти цей ресурс розкрити 💚 __Фахівці Центру надання соціальних послуг у співпраці з УФ «...;https://t.me/VyshnevaMTG/15218
@VyshnevaMTG;2026-05-14 12:07;🏗️ Інфраструктура | 🤝 Загальна безбар'єрність;Опитування щодо потреб у безбар'єрному середовищі Департамент містобудування та архітектури Київської ОВА проводить опитування мешканців територіальних громад Київської області з метою визначення потреб маломобільних груп населення. Опитування триват...;https://t.me/VyshnevaMTG/15202
@VyshnevaMTG;2026-05-07 07:20;⚽ Спорт | 👐 Реабілітація;Відвідав обласну клінічну лікарню, де створюється сучасний безбар’єрний реабілітаційний простір. Проєкт реалізується за фінансування меценатів. Роботи тривають: басейн, гольф-поле, ерготерапія, спортивні та відновлювальні зони. Уже підсилюємо проєкт ...;https://t.me/VyshnevaMTG/15123
@VyshnevaMTG;2026-05-06 09:55;⚽ Спорт;Ветерани Вишневої міської громади — призери всеукраїнських змагань 💪🇺🇦 __Досить насиченими видалися минулі вихідні для ветеранів-спортсменів Вишневої міської громади. Наші захисники взяли участь у всеукраїнських змаганнях з адаптивних видів спорту од...;https://t.me/VyshnevaMTG/15115
@VyshnevaMTG;2026-04-24 10:17;🤝 Загальна безбар'єрність;Команда Вишнівського академічного ліцею №1 запрошує вчителів! 🏫 Зараз нам дуже потрібні: Вчителі-предметники: - Математики - Англійської мови - Української мови та літератури - Інтегрованого курсу «Пізнаємо природу» Початкова школа: - Вчитель початко...;https://t.me/VyshnevaMTG/15002
@VyshnevaMTG;2026-04-20 19:59;⚽ Спорт;У Вишневому пройшов І етап Кубка України з богатирського багатоборства серед ветеранів __На центральному стадіоні Вишневого відбувся І етап Кубка України з богатирського багатоборства серед ветеранів. Подія зібрала 107 учасників із різних регіонів кр...;https://t.me/VyshnevaMTG/14969
@VyshnevaMTG;2026-04-20 11:54;🤝 Загальна безбар'єрність;Сьогодні Київщина системно нарощує власну енергетичну спроможність. Ми всі бачимо, як ворог цілеспрямовано б’є по енергетичній інфраструктурі. І відповідь тут одна — ставати сильнішими і більш незалежними. Не декларативно, а через конкретні рішення н...;https://t.me/VyshnevaMTG/14962
@VyshnevaMTG;2026-04-17 11:04;⚽ Спорт;Шановні мешканці громади! У зв’язку з безпековою ситуацією в країні повідомляємо, що цієї неділі, 19 квітня 2026 року, під час поминального дня у Вишневому, з 08:00 буде перекрито в’їзд на кладовище для автотранспорту. Виняток: спецтранспорт та транс...;https://t.me/VyshnevaMTG/14939
@VyshnevaMTG;2026-04-17 08:08;⚽ Спорт;На Київщині відверто говоримо про розвиток спорту і молодіжної політики разом зі спортсменами, їх тренерами та громадами. Особливу увагу приділяємо тим, хто своїми результатами представляє область і країну на найвищому рівні. Вручив сертифікат на 700...;https://t.me/VyshnevaMTG/14937
@VyshnevaMTG;2026-04-17 07:31;⚽ Спорт | 👐 Реабілітація | 🤝 Загальна безбар'єрність;Зібралися з нашими спортсменами, їх тренерами і профільними представниками громад, щоб відверто поговорити про те, чим живе сьогодні спорт і молодіжна політика на Київщині. Для мене було важливо почати з головного — з людей, які своїми результатами п...;https://t.me/VyshnevaMTG/14928
@VyshnevaMTG;2026-04-10 10:37;🏥 Медицина;Люди без громадянства в Україні: хто це та як їм допомогти? __Особа без громадянства — це людина, яку жодна держава у світі не визнає своїм громадянином. Без паспорта й офіційних документів вона опиняється поза системою — стає невидимою для держави т...;https://t.me/VyshnevaMTG/14874
@VyshnevaMTG;2026-04-09 12:49;🤝 Загальна безбар'єрність;Разом із громадами Київщини взяв участь у діалозі з Парламентом у межах Конгресу місцевих та регіональних влад при Президентові України. Це був важливий і змістовний діалог із народними депутатами — представниками профільних комітетів Верховної Ради....;https://t.me/VyshnevaMTG/14857
@VyshnevaMTG;2026-04-07 13:06;👐 Реабілітація;Центри життєстійкості – це простори психологічної та соціальної підтримки, що працюють у понад 200 громадах у 23 областях Україні. У таких Центрах кожен може безоплатно отримати допомогу, навчитися краще справлятися зі стресом, адаптуватися до нової ...;https://t.me/VyshnevaMTG/14834
@VyshnevaMTG;2026-04-06 13:47;👐 Реабілітація;"Реабілітація в цифрах: підсумки І кварталу 2026 року. __КНП ""Вишнівська міська лікарня"" активно розвивається в напрямку реабілітації, і ми щодня допомагаємо пацієнтам повертатися до повноцінного життя__ За 3 місяці 2026 року пацієнти мали можливість ...";https://t.me/VyshnevaMTG/14821
@VyshnevaMTG;2026-04-05 12:00;⚽ Спорт | 👐 Реабілітація;У Броварах відбувся вечір боксу «У кожного своя мрія» — подія, яка залишить слід у серцях усіх, хто був присутній. Київщина зібрала сильних людей у ринзі: професійних боксерів, аматорів і наших ветеранів. Це був вечір характеру і незламності. Особлив...;https://t.me/VyshnevaMTG/14799
@VyshnevaMTG;2026-03-30 11:35;⚽ Спорт;Ветерани з Вишневого здобули нагороди на змаганнях «Звитяга Нескорених» __28 березня 2026 року в місті Київ відбулися комплексні спортивні змагання з адаптивних силових видів спорту «Звитяга Нескорених» для ветеранів російсько-української війни.__ Ма...;https://t.me/VyshnevaMTG/14714
@VyshnevaMTG;2026-03-27 13:04;👐 Реабілітація;Програма психологічного відновлення та можливість отримати нову професію – психолога для ветеранів і ветеранок. __У рамках реалізації проєкту «Ветеранська Хата» за участі «Благодійного фонду Альони Вінницької» пройшла зустріч, присвячена поверненню в...;https://t.me/VyshnevaMTG/14670
@VyshnevaMTG;2026-03-27 09:23;👐 Реабілітація | 🤝 Загальна безбар'єрність;Рішення Уряду — зубопротезування та стоматологічна допомога для постраждалих внаслідок Чорнобильської катастрофи стане безоплатною __Кабінет Міністрів України ухвалив рішення щодо розширення доступу до безоплатних послуг із планової стоматологічної д...;https://t.me/VyshnevaMTG/14665
@VyshnevaMTG;2026-03-24 12:54;👐 Реабілітація;Рекрутингова програма «Контракт 18–24» у 3-му прикордонному загоні поширилась на посади операторів безпілотних систем __Відповідно до Постанови Кабінету Міністрів України № 153 від 11.02.2025 (зі змінами № 942 від 30.07.2025), у Державній прикордонні...;https://t.me/VyshnevaMTG/14623
@VyshnevaMTG;2026-03-19 12:53;👐 Реабілітація;🔰 Підтримка ветеранів та ветеранок __У КУ «Вишнівський центр реабілітації та допомоги УБД» працюють 6 фахівців із супроводу. Вони щодня допомагають ветеранам, ветеранкам і їхнім родинам орієнтуватися в державній підтримці та вирішувати життєві питанн...;https://t.me/VyshnevaMTG/14556
@VyshnevaMTG;2026-03-12 12:16;👐 Реабілітація;Реабілітація в КНП «Вишнівська міська лікарня» __Відділення медичної реабілітації у нашому закладі - це сучасний простір для відновлення та підтримки пацієнтів після травм, операцій і захворювань. Оснащене сучасним обладнанням, що дозволяє ефективно ...;https://t.me/VyshnevaMTG/14462
@VyshnevaMTG;2026-03-05 15:22;👐 Реабілітація;Рівний рівному - як у Вишневому працює Центр підтримки ветеранів війни та їхніх родин __Війна змушує нас жити з тим, із чим жити неможливо. Чекати дзвінків, боятися тиші в телефоні, звикати до слів, до яких неможливо звикнути - «зник безвісти», «в по...;https://t.me/VyshnevaMTG/14383
@VyshnevaMTG;2026-02-04 17:24;🏗️ Інфраструктура;«Пакунок тепла» __На Київщині триває передача «Пакунків тепла» громадам області в межах програми адресної підтримки. Допомога надається за ініціативи Президента України Володимира Зеленського, за підтримки Уряду України на чолі з Прем’єр-міністеркою ...;https://t.me/VyshnevaMTG/14005
@VyshnevaMTG;2026-02-03 08:52;🏗️ Інфраструктура;На Київщині триває передача «Пакунків тепла» громадам області в межах програми адресної підтримки від державних компаній. Це допомога для людей, які через складні життєві обставини, стан здоров’я або вік особливо гостро відчувають наслідки тривалих в...;https://t.me/VyshnevaMTG/13974
@VyshnevaMTG;2026-01-23 10:51;🤝 Загальна безбар'єрність;Зимове тепло без пожеж: як уберегти міську оселю __Зимовий період традиційно вважається одним із найбільш пожежонебезпечних у році, особливо для мешканців міст. Морози, підвищене навантаження на електромережі, активне використання обігрівачів та авар...;https://t.me/VyshnevaMTG/13839
@VyshnevaMTG;2026-01-21 10:41;👐 Реабілітація;Державні послуги для ветеранів, ветеранок та їхніх сімей — у кілька кліків. 📌 Питання підтримки, пільг і можливостей є актуальними. 💼 На платформі Ветеран Pro зібрана перевірена інформація про державні сервіси: лікування й реабілітацію, фінансову під...;https://t.me/VyshnevaMTG/13793
@VyshnevaMTG;2026-01-20 14:59;👐 Реабілітація | 🤝 Загальна безбар'єрність;"Реабілітація — це… __— коли повертаєш рухову активність після поранення; — коли знову стаєш самостійним після інсульту; — коли бачиш, як твоя дитина реагує на цей світ і радіє йому попри складні обставини.__ Реабілітація — це коли можеш отримати фахо...";https://t.me/VyshnevaMTG/13785
@VyshnevaMTG;2026-01-19 16:23;👐 Реабілітація;"🔰Безкоштовний майстер-клас для дітей Захисників та Захисниць __Нещодавно КУ ""Вишнівський центр реабілітації та допомоги УБД"" ВМР спільно з працівниками ресторану ""Євразія"" організували для дітей Захисників та Захисниць Вишневої громади маленьке свято...";https://t.me/VyshnevaMTG/13765
@VyshnevaMTG;2026-01-16 08:42;🏥 Медицина;148 ОКРЕМА АРТИЛЕРІЙСЬКА ЖИТОМИРСЬКА БРИГАДА ІНФОРМУЄ Сила. Точність. Професіоналізм. Сила у Вогні. __148-ма окрема артилерійська бригада сформована у 2023 році на базі 148-го окремого гаубичного самохідного артилерійського дивізіону ДШВ. З перших дн...;https://t.me/VyshnevaMTG/13703
@VyshnevaMTG;2026-01-02 12:15;👐 Реабілітація;Герої з нашої громади Дерещук Олександр Миколайович, вишнівчанин, 22.02.1976 р.н. Брав участь в антитерористичній операції на сході України у 2015 р. В перший день повномасштабного вторгнення разом із сином Ярославом долучився до Вишневої територіаль...;https://t.me/VyshnevaMTG/13487
@VyshnevaMTG;2026-01-01 09:35;🏗️ Інфраструктура;Ще одне завдання 2025 року виконано. Перша партія із 260 паризьких автобусів, про які ми домовлялися з регіоном Іль-де-Франс у листопаді, вже на Київщині. 30 автобусів у швидкі строки прибули під новорічну ніч і відразу підуть на маршрути в Бучанські...;https://t.me/VyshnevaMTG/13476
@gatnenews;2026-08-07 11:11;👐 Реабілітація;Сьогодні Олександр Паламарчук мав честь вітати в Гатненській громаді Кирила Буданова — керівника Офісу Президента України, генерал-лейтенанта, Героя України, українського воєначальника. Під час робочої зустрічі презентували результати розвитку нашої ...;https://t.me/gatnenews/1041
@gorarada;2026-09-21 10:32;🏗️ Інфраструктура;⚠️ Важлива інформація для мешканців Гірської громади! В період з 20 по 24 вересня 2026 року включно Реєстр територіальних громад буде тимчасово недоступний через проведення технічних робіт. У зв’язку з цим в ЦНАП тимчасово буде недоступне надання так...;https://t.me/gorarada/14260
@gorarada;2026-08-19 13:28;👐 Реабілітація;Безоплатна реабілітація дітей з інвалідністю за кошти обласного бюджету: що варто знати Діти з інвалідністю, які зареєстровані/задекларовані на території Київської області, мають можливість безоплатно пройти реабілітацію в межах Київської обласної ці...;https://t.me/gorarada/13681
@gorarada;2026-08-06 12:41;👐 Реабілітація;У нашій громаді функціонує дитячий будинок сімейного типу (ДБСТ), де діти знаходять не просто прихисток, а справжню родину. Нещодавно ця велика родина поповнилася — вони прийняли у свою сім’ю чотирьох дітей! Пройшовши непростий шлях і тривалий час пе...;https://t.me/gorarada/13511
@gorarada;2026-08-05 12:36;👐 Реабілітація | 🤝 Загальна безбар'єрність;Запрошуємо до команди відповідальну та вмотивовану людину, яка готова працювати задля підтримки ветеранів війни, Захисників і Захисниць України, членів їхніх сімей та інших визначених законодавством категорій осіб. Заяву на участь у відборі на посаду...;https://t.me/gorarada/13504
@gorarada;2026-07-27 13:25;🤝 Загальна безбар'єрність;Учасники бойових дій, особи з інвалідністю внаслідок війни та члени сімей загиблих Захисників і Захисниць України мають право на щорічну разову грошову допомогу до Дня Незалежності України. Виплата здійснюється до 24 серпня. Для частини отримувачів к...;https://t.me/gorarada/13430
@gorarada;2026-07-23 14:14;👐 Реабілітація | 🤝 Загальна безбар'єрність;Фахівець із супроводу ветеранів війни та демобілізованих осіб Запрошуємо до команди відповідальну та вмотивовану людину, яка готова працювати задля підтримки ветеранів війни, Захисників і Захисниць України, членів їхніх сімей та інших визначених зако...;https://t.me/gorarada/13378
@gorarada;2026-06-30 13:54;⚽ Спорт;До уваги ветеранів та ветеранок, які повністю або частково втратили зір! Постановою Кабінету Міністрів України від 27 травня 2026 року № 674 затверджено Порядок реалізації спільного з Товариством Червоного Хреста України проєкту щодо надання підтримк...;https://t.me/gorarada/13180
@gorarada;2026-06-30 08:26;🤝 Загальна безбар'єрність;📢 КП «Горянин» Гірської сільської ради запрошує до своєї команди! 📋 Відкриті вакансії: 🚚 Водій автотранспортних засобів (сміттєвоз) 💪 Вантажник 🧹 Прибиральник територій ♿ Готові розглянути кандидатів із різних соціальних категорій. Ми підтримуємо рів...;https://t.me/gorarada/13178
@gorarada;2026-06-17 17:51;🏥 Медицина | 🤝 Загальна безбар'єрність;Ветеранська політика без паперів: нова комплексна послуга для Захисників, Захисниць та їхніх родин Продовжуємо розширювати цифрові можливості для ветеранів, ветеранок та їхніх родин, роблячи державні послуги ще зручнішими та доступнішими. Спільно з М...;https://t.me/gorarada/13018
@gorarada;2026-06-17 12:29;👐 Реабілітація;Сьогодні, 17 червня, минають другі роковини з дня смерті захисника України, нацгвардійця та мешканця села Гора Олександра Науменка. Життя воїна, який пройшов важкі бої та поранення, раптово забрала важка хвороба. З перших днів повномасштабного вторгн...;https://t.me/gorarada/13009
@gorarada;2026-06-16 16:06;🤝 Загальна безбар'єрність;Чому громада працювала і з грантовими програмами, і з програмою Ukraine Water Recovery для реалізації проєкту будівництва КНС та мереж водовідведення по вул. Л. Українки в с. Гора ? Кожна громада зацікавлена насамперед у залученні безповоротних кошті...;https://t.me/gorarada/12997
@gorarada;2026-06-11 10:59;🚌 Транспорт | 🏗️ Інфраструктура | 🤝 Загальна безбар'єрність;Слово «безбар’єрність» сьогодні звучить дедалі частіше. Але що воно означає насправді? Це не лише пандуси чи понижені бордюри. Насамперед це про повагу, рівність і можливість комфортно жити, працювати та навчатися для кожної людини. Часто ми не поміч...;https://t.me/gorarada/12950
@gorarada;2026-05-21 12:06;🏗️ Інфраструктура;Реєстрація на грошову допомогу від УВКБ ООН в Гірській громаді БФ «Право на захист» проведе збір даних для виплати грошової допомоги. 📍село Гора вул. Центральна 5 , приміщення ЦНАПу 📅 27 травня (середа) 2026 року ⏰ Години роботи з 10:00 до 16:00 📌 Пр...;https://t.me/gorarada/12655
@gorarada;2026-05-19 17:35;👐 Реабілітація;Заступник голови Київської ОДА Іван Добровольський взяв участь у презентації проєкту «Карпатська зміна» — програми відновлення ментального та фізичного здоровʼя дітей із прифронтових регіонів. 🤝Київська обласна військова адміністрація, Закарпатська о...;https://t.me/gorarada/12640
@gorarada;2026-05-15 11:48;🤝 Загальна безбар'єрність;Інформаційне повідомлення щодо оновлення критеріїв надання грошової допомоги від УВКБ ООН Повідомляємо, що з 1 квітня 2026 року в межах оновленого Гуманітарного плану потреб та реагування змінено критерії реєстрації на отримання багатоцільової грошов...;https://t.me/gorarada/12558
@gorarada;2026-05-06 12:21;🤝 Загальна безбар'єрність;"💥Категорії громадян, звільнені від земельного податку (ст. 281 ПКУ): особи з інвалідністю I та II групи; фізичні особи, які виховують трьох і більше дітей віком до 18 років; пенсіонери (за віком); ветерани війни та особи, на яких поширюється дія Зако...";https://t.me/gorarada/12440
@gorarada;2026-04-24 10:38;⚽ Спорт | 🏗️ Інфраструктура;До уваги забудовників повідомляємо, що для реалізації ваших проєктів будівництва та подання документів у сфері містобудівної діяльності використовується електронний кабінет забудовника в Єдиній державній електронна система у сфері будівництва (ЄДЕССБ...;https://t.me/gorarada/12333
@gorarada;2026-04-22 11:30;🤝 Загальна безбар'єрність;Оздоровлення та відпочинок для дітей за державний кошт: як скористатися? Держава затвердила новий порядок надання послуг з оздоровлення для дітей, які потребують особливої соціальної підтримки (Постанова КМУ № 259). Для кого передбачена ця програма о...;https://t.me/gorarada/12315
@gorarada;2026-04-20 10:54;🤝 Загальна безбар'єрність;Сьогодні Київщина системно нарощує власну енергетичну спроможність. Ми всі бачимо, як ворог цілеспрямовано б’є по енергетичній інфраструктурі. І відповідь тут одна — ставати сильнішими і більш незалежними. Не декларативно, а через конкретні рішення н...;https://t.me/gorarada/12292
@gorarada;2026-04-10 08:59;👐 Реабілітація;Центри життєстійкості — це безпечні простори, де кожен може отримати безоплатну психологічну та соціальну допомогу. Війна виснажує кожного з нас. Відчувати втому, тривогу, вигорання чи розгубленість — це нормально. Іноді найкраще, що ми можемо зробит...;https://t.me/gorarada/12212
@gorarada;2026-04-09 10:18;🤝 Загальна безбар'єрність;Разом із громадами Київщини взяв участь у діалозі з Парламентом у межах Конгресу місцевих та регіональних влад при Президентові України. Це був важливий і змістовний діалог із народними депутатами — представниками профільних комітетів Верховної Ради....;https://t.me/gorarada/12198
@gorarada;2026-04-05 11:45;⚽ Спорт | 👐 Реабілітація;У Броварах відбувся вечір боксу «У кожного своя мрія» — подія, яка залишить слід у серцях усіх, хто був присутній. Київщина зібрала сильних людей у ринзі: професійних боксерів, аматорів і наших ветеранів. Це був вечір характеру і незламності. Особлив...;https://t.me/gorarada/12151
@gorarada;2026-03-26 16:47;🤝 Загальна безбар'єрність;Підписав меморандум про співпрацю зі Швейцарсько-українським проєктом DECIDE на новий чотирирічний термін. Продовжуємо системну роботу над трансформацією освіти Київщини разом із міжнародними партнерами. Для нашої команди це рішення про довгострокову...;https://t.me/gorarada/12029
@gorarada;2026-03-26 15:56;⚽ Спорт | 👐 Реабілітація;Тренуємось разом із Артемом Хребетом «Грізлі». Готуємось до великого вечора боксу на Київщині. Для наших ветеранів спорт — це не лише фізична активність. Це про відновлення, про силу характеру, про повернення до активного життя поруч із побратимами і...;https://t.me/gorarada/12028
@gorarada;2026-03-25 18:33;👐 Реабілітація;Разом із громадами Київщини узяв участь у другому засіданні платформи «Діалог з громадами», що проходить у межах роботи Конгрес місцевих та регіональних влад при Президентові України під головуванням очільника президії Конгресу Віктора Микити та кері...;https://t.me/gorarada/12011
@gorarada;2026-03-23 07:22;⚽ Спорт;Готуємося до великого вечора боксу на Київщині. Сьогодні провели тренування разом із ветеранами у бійцівському клубі SpartaBox. Попрацювали у ринзі, відпрацювали техніку, поспілкувалися. Такі зустрічі — не лише про спорт. Вони про підтримку, силу дух...;https://t.me/gorarada/11969
@gorarada;2026-03-20 19:08;🤝 Загальна безбар'єрність;Долучилися разом з громадами Київщини до першого засідання платформи «Діалог з громадами» у межах роботи Конгресу місцевих та регіональних влад при Президентові України. Засідання відбулося під головуванням заступника Керівника Офісу Президента Вікто...;https://t.me/gorarada/11946
@gorarada;2026-03-16 09:32;🏗️ Інфраструктура;16 березня 2026 року відбулося позачергове засідання Ради безбар’єрності Гірської сільської ради під головуванням Людмили Шершень. Під час засідання члени Ради обговорили листи Бориспільської районної військової адміністрації та Міністерства розвитку...;https://t.me/gorarada/11880
@gorarada;2026-03-08 08:43;🤝 Загальна безбар'єрність;Шановні жінки! Щиро вітаємо вас із Міжнародним жіночим днем — днем поваги до сили, мудрості, таланту та незламності жінок у всьому світі. Це свято символізує боротьбу жінок за рівні права, гідність і можливості, а також є нагадуванням про величезну р...;https://t.me/gorarada/11820
@gorarada;2026-03-04 11:52;🏗️ Інфраструктура;ОГОЛОШЕННЯ про початок громадського обговорення звіту з оцінки впливу на довкілля Гірська сільська рада повідомляє про початок громадського обговорення звіту з оцінки впливу на довкілля планованої діяльності ПРАТ «ВЕЗОД». Підготовку та супровід матер...;https://t.me/gorarada/11800
@gorarada;2026-02-27 15:42;👐 Реабілітація;Безпечне повернення додому: Гірська громада посилює систему захисту дітей Днями представниця Гірської громади — начальниця Служби у справах дітей виконавчого комітету — долучилася до важливого професійного навчання у межах проєкту «Україна – родина –...;https://t.me/gorarada/11758
@gorarada;2026-02-12 08:45;👐 Реабілітація;⚡️Дорослі і діти можуть отримати безоплатну реабілітацію внаслідок травми, поранення, операції чи тяжкої хвороби. До реабілітації входять: відновлення руху, мовлення, повсякденних навичок, психологічна підтримка, навчання родичів догляду — за індивід...;https://t.me/gorarada/11621
@gorarada;2026-01-30 18:04;🏥 Медицина;На Київщині стартувала Національна програма «Скринінг здоров’я 40+». З 1 січня в області розпочалася реалізація державної програми, ініційованої Міністерством охорони здоров’я спільно з партнерами. Вона спрямована на раннє виявлення серцево-судинних ...;https://t.me/gorarada/11462
@gorarada;2026-01-14 11:04;🏥 Медицина;148 ОКРЕМА АРТИЛЕРІЙСЬКА ЖИТОМИРСЬКА БРИГАДА ІНФОРМУЄ Сила. Точність. Професіоналізм. Сила у Вогні. 148-ма окрема артилерійська бригада сформована у 2023 році на базі 148-го окремого гаубичного самохідного артилерійського дивізіону ДШВ. З перших днів...;https://t.me/gorarada/11300
@gorarada;2026-01-14 07:28;🏗️ Інфраструктура;Сьогодні підтримка людей — це не слова, а конкретні дії. Особливо в умовах війни, коли через удари ворога по енергетичній інфраструктурі громади можуть по кілька днів залишатися без світла. Благодійний фудтрак «Їжа без кордонів» — це проєкт, який пра...;https://t.me/gorarada/11290
@gorarada;2026-01-06 10:13;👐 Реабілітація;Ключові досягнення Гірської громади у 2025 році Гірська громада 2026 рік розпочинає з підбиття підсумків 2025 року- року непростих рішень, відповідальності та системної роботи в умовах повномасштабної війни. Для нашої громади це був рік конкретних ді...;https://t.me/gorarada/11153
@gorarada;2026-01-01 07:45;🏗️ Інфраструктура;Ще одне завдання 2025 року виконано. Перша партія із 260 паризьких автобусів, про які ми домовлялися з регіоном Іль-де-Франс у листопаді, вже на Київщині. 30 автобусів у швидкі строки прибули під новорічну ніч і відразу підуть на маршрути в Бучанські...;https://t.me/gorarada/11126
@HlevaskaRada;2026-09-17 09:24;🤝 Загальна безбар'єрність;17 вересня — День усиновлення в Україні Усиновлення — це рішення, яке змінює життя. Для дитини — це можливість зростати в родині, мати поруч людей, які піклуються, підтримують і допомагають робити перші кроки в доросле життя. Для дорослих — можливіст...;https://t.me/HlevaskaRada/26303
@HlevaskaRada;2026-09-16 12:27;⚽ Спорт;Кемп відновлення та підтримки для Захисників/ниць та ветеранів/нок Doladu Mental Health Lab запрошує приєднатися до безкоштовної 4-денної програми емоційного відновлення та психосоціальної підтримки Захисників/ниць та ветеранів/нок за принципом Рівни...;https://t.me/HlevaskaRada/26279
@HlevaskaRada;2026-08-17 13:47;👐 Реабілітація;16 серпня Глеваська громада попрощалась з хоробрим Захисником України Костянтином Бойко, який віддав життя заради миру, свободи та майбутнього України. Костянтин Костянтинович Бойко народився 11 квітня 1986 року в селі Здорівка Київської області. Чер...;https://t.me/HlevaskaRada/24549
@HlevaskaRada;2026-07-27 07:46;👐 Реабілітація;27 липня в Україні відзначають День медичного працівника — професійне свято людей, які щодня стоять на варті найціннішого — людського життя і здоров'я. В час, коли Україна проходить через надзвичайно складні випробування, роль медиків набуває особлив...;https://t.me/HlevaskaRada/23667
@HlevaskaRada;2026-07-21 08:27;⚽ Спорт;Державна підтримка професійного навчання для ветеранів та їхніх родин Кабінет Міністрів України оновив порядок надання послуг із соціальної та професійної адаптації ветеранів війни, членів їхніх сімей, а також родин загиблих Захисників і Захисниць Ук...;https://t.me/HlevaskaRada/23376
@HlevaskaRada;2026-07-20 11:41;👐 Реабілітація;⛰ Горотерапія для захисників і захисниць 📅 Коли: 2–4 серпня 2026 року 📍 Де: с. Ямельниця, Львівська область ГО «Метта» спільно з ГО Nomad.live запрошують ветеранів і військовослужбовців на безкоштовну програму горо- та природотерапії. У програмі: • п...;https://t.me/HlevaskaRada/23367
@HlevaskaRada;2026-07-16 12:38;👐 Реабілітація;"СУПРОВІД ВЕТЕРАНІВ ВІЙНИ ТА ДЕМОБІЛІЗОВАНИХ ОСІБ. У Глеваській громаді працюють два фахівці із супроводу ветеранів війни та демобілізованих осіб КЗ ГСР ""Глеваський центр надання соціальних послуг"". Щодня вони взаємодіють із ветеранами, ветеранками, ї...";https://t.me/HlevaskaRada/23226
@HlevaskaRada;2026-06-26 11:23;🤝 Загальна безбар'єрність;Київська обласна цільова програма підтримки Захисників і Захисниць України та їхніх сімей, а також родин Героїв Небесної Сотні на 2026–2027 роки З метою підвищення рівня соціального захисту Захисників і Захисниць України, ветеранів війни та членів їх...;https://t.me/HlevaskaRada/22637
@HlevaskaRada;2026-06-17 12:21;🤝 Загальна безбар'єрність;Стратегічні проєкти Глеваської громади — тепер на цифровій карті України! Сектор економіки, стратегічного планування та інвестиційного розвитку Глеваської селищної ради завершив внесення стратегічних цілей, завдань та проєктів розвитку громади до Єди...;https://t.me/HlevaskaRada/22193
@HlevaskaRada;2026-06-12 07:00;👐 Реабілітація;Турбота про здоров’я ветеранів і ветеранок є одним із важливих напрямів державної підтримки. Саме тому Національна служба здоров’я України підготувала «Гід для ветеранів: простими словами про медичні гарантії 2026» — практичний довідник, який допомож...;https://t.me/HlevaskaRada/22089
@HlevaskaRada;2026-06-09 07:47;⚽ Спорт;Ветерани, ветеранки та їхніх родини зможуть безоплатно навчатися підприємництву Кабінет Міністрів України розширив можливості професійної адаптації для ветеранів, ветеранок і членів їхніх сімей. Відповідні зміни внесено до постанови №432, яка визнача...;https://t.me/HlevaskaRada/22025
@HlevaskaRada;2026-05-29 05:10;👐 Реабілітація;"Цінності, які стають метою! Проголосуйте за жительку селища Глеваха Анну Свистунову на конкурсі ""Краса країни"" до 30 травня включно! Адже Анна за отриманий призовий фонд планує створити простір реабілітації та розвитку для дітей Глеваської громади. Е...";https://t.me/HlevaskaRada/21320
@HlevaskaRada;2026-05-13 11:58;🏗️ Інфраструктура | 🤝 Загальна безбар'єрність;Створення безбар’єрного простору в Україні триває. І важливо, щоб він формувався не лише через нормативи чи проєкти, а і через реальні потреби людей. Департамент містобудування та архітектури Київської обласної військової адміністрації проводить опит...;https://t.me/HlevaskaRada/20572
@HlevaskaRada;2026-05-04 11:49;👐 Реабілітація | 🤝 Загальна безбар'єрність;У межах реалізації Київської обласної цільової програми передбачено відшкодування вартості стоматологічних послуг і зубопротезування, а також забезпечення матеріалами для лікування поранень щелепно-лицевої ділянки. Хто може скористатись: - військовос...;https://t.me/HlevaskaRada/20209
@HlevaskaRada;2026-04-30 09:55;⚽ Спорт | 🤝 Загальна безбар'єрність;Програма безоплатної корекції рубцевих змін шкіри для ветеранів та ветеранок Ветерани/нки можуть отримати безоплатний медичний супровід після травм шкіри та опіків по завершенню основного лікування та повного загоєння тканин. У курс лікування входить...;https://t.me/HlevaskaRada/20037
@HlevaskaRada;2026-04-28 10:02;🤝 Загальна безбар'єрність;Військовослужбовці у цивільному житті… Що ми відчуваємо, коли бачимо людину у формі? Вдячність, повагу, внутрішнє бажання підтримати — хоча б щирою посмішкою чи простим «дякую за службу». Водночас постає інше, не менш важливе питання: як коректно вза...;https://t.me/HlevaskaRada/19940
@HlevaskaRada;2026-04-27 11:23;⚽ Спорт | 👐 Реабілітація;Ветеран PRO — державна цифрова платформа для учасників/учасниць бойових дій та їхніх родин! Тепер вся інформація про пільги, програми, послуги та можливості — в одному місці - http://veteranpro.gov.ua/ Що таке Ветеран PRO? Це зручна державна онлайн-п...;https://t.me/HlevaskaRada/19938
@HlevaskaRada;2026-04-22 08:02;👐 Реабілітація;Державна система протезування: корисні матеріали для ветеранів і ветеранок Для ветеранів і ветеранок, які проходять шлях протезування або лише готуються до нього, підготовлено корисні інформаційні матеріали про можливості державної системи забезпечен...;https://t.me/HlevaskaRada/19788
@HlevaskaRada;2026-04-20 13:29;👐 Реабілітація;"У Глеваській громаді працюють два фахівці із супроводу ветеранів війни та демобілізованих осіб КЗ ГСР ""Глеваський центр надання соціальних послуг"". Щодня вони взаємодіють із ветеранами, ветеранками, їхніми родинами, сім'ями полеглих та зниклих безвіс...";https://t.me/HlevaskaRada/19752
@HlevaskaRada;2026-04-20 07:11;⚽ Спорт;Комунальний заклад Глеваської селищної ради «Глеваський центр надання соціальних послуг» інформує про наявність вакантної посади соціального робітника (Крушинський старостинський округ). Запрошуємо до співпраці відповідальних та вмотивованих кандидат...;https://t.me/HlevaskaRada/19729
@HlevaskaRada;2026-04-09 10:46;👐 Реабілітація;Протезування для військовослужбовців: оновлено умови забезпечення Міністерство соціальної політики України інформує про зміни у забезпеченні допоміжними засобами реабілітації військовослужбовців, які отримали поранення з ампутаціями під час проходжен...;https://t.me/HlevaskaRada/19411
@HlevaskaRada;2026-03-13 09:29;👐 Реабілітація;Як ветеранам і ветеранкам зорієнтуватися в медичних послугах: базовий маршрут від Національної служби здоровʼя України. 🟦Перший і основний інструмент — Програма медичних гарантій. У 2026 році вона охоплює 46 пакетів медичних послуг. 🟦Другий механізм ...;https://t.me/HlevaskaRada/18494
@HlevaskaRada;2026-03-10 13:08;🤝 Загальна безбар'єрність;У просторі Станції К5 відбулася зустріч, присвячена темі автентичного жіночого лідерства — діалогу про відповідальність, особистий шлях і силу взаємної підтримки. Спікеркою заходу стала Ірина Тишко, голова громадського альянсу «Політична дія жінок», ...;https://t.me/HlevaskaRada/18390
@HlevaskaRada;2026-02-04 07:49;🏗️ Інфраструктура;З 01 січня 2026 року в Україні стартувала національна програма «Скринінг здоровʼя 40+», спрямована на раннє виявлення серцево-судинних захворювань, цукрового діабету і проблем психічного здоровʼя для українців та українок віком від 40 років і старше....;https://t.me/HlevaskaRada/17210
@HlevaskaRada;2026-01-28 09:32;👐 Реабілітація | 🤝 Загальна безбар'єрність;"Реабілітація — це… — коли повертаєш рухову активність після поранення; — коли знову стаєш самостійним після інсульту; — коли бачиш, як твоя дитина реагує на цей світ і радіє йому попри складні обставини. Реабілітація — це коли можеш отримати фахову д...";https://t.me/HlevaskaRada/17007
@HlevaskaRada;2026-01-14 08:03;⚽ Спорт | 🤝 Загальна безбар'єрність;Щокварталу передбачається виплата у розмірі 1 500 грн ветеранам і ветеранкам для оплати занять спортом та іншими фізкультурно-оздоровчими активностями, спрямованими на підтримку фізичного стану та психологічної рівноваги. Подання заяви здійснюється у...;https://t.me/HlevaskaRada/16240
@HlevaskaRada;2026-01-13 12:19;⚽ Спорт;Мінветеранів оплачує навчання водінню авто для ветеранів та ветеранок з інвалідністю. Керування автівкою у наші дні є одним з ключових елементів самостійності та мобільності, зокрема для ветеранів й ветеранок з інвалідністю. Вони мають можливість без...;https://t.me/HlevaskaRada/16204
@HlevaskaRada;2026-01-08 11:42;⚽ Спорт;З метою забезпечення прав громадян на отримання якісних адміністративних послуг у Глеваській територіальній громаді функціонує Центр надання адміністративних послуг Глеваської селищної ради, який результативно взаємодіє з суб'єктами надання адміністр...;https://t.me/HlevaskaRada/15973
@HlevaskaRada;2026-01-02 12:30;🏗️ Інфраструктура;Зимові канікули — вдалий час, аби змінити звичний ритм та провести більше часу у колі родини та друзів. Київ та столичний регіон пропонують чимало можливостей для родинного, пізнавального та культурного відпочинку. У селі Мотижин поблизу столиці прац...;https://t.me/HlevaskaRada/15826
@HlevaskaRada;2026-01-02 10:49;⚽ Спорт | 👐 Реабілітація;Ветеран PRO — державна цифрова платформа для ветеранів, ветеранок та їхніх родин! Тепер вся інформація про пільги, програми, послуги та можливості — в одному місці - http://veteranpro.gov.ua/ Що таке Ветеран PRO? Це зручна державна онлайн-платформа, ...;https://t.me/HlevaskaRada/15825
@HlevaskaRada;2026-01-01 13:17;🤝 Загальна безбар'єрність;Держава гарантує ветеранам та ветеранкам війни, членам їхніх родин безоплатну правничу підтримку. Йдеться про роз’яснення норм законів простою мовою, консультації щодо прав і соціального захисту, допомогу у складанні заяв, скарг, а також підтримку у ...;https://t.me/HlevaskaRada/15813
